Data.Scores.Aroma,Data.Scores.Flavor,Data.Scores.Aftertaste,Data.Scores.Acidity,Data.Scores.Body,Data.Scores.Balance,Data.Scores.Uniformity,Data.Scores.Sweetness,Data.Scores.Moisture,Data.Scores.Total,Data.Color
8.25,8.42,8.08,7.75,7.67,7.83,10.0,10.0,0.0,86.25,Unknown
8.17,7.92,7.92,7.75,8.33,8.0,10.0,10.0,0.08,86.17,Unknown
8.42,7.92,8.0,7.75,7.92,8.0,10.0,10.0,0.01,86.17,Unknown
7.67,8.0,7.83,8.0,7.92,7.83,10.0,10.0,0.0,85.08,Unknown
7.58,7.83,7.58,8.0,7.83,7.5,10.0,10.0,0.1,83.83,Unknown
7.5,7.92,7.42,7.67,7.83,7.58,10.0,10.0,0.01,83.42,Unknown
7.67,7.58,7.5,7.58,7.67,7.58,10.0,10.0,0.0,83.08,Unknown
7.25,7.25,7.25,7.33,7.5,8.0,9.33,10.0,0.1,80.33,Unknown
7.42,7.42,7.5,7.92,7.75,7.58,8.67,8.67,0.05,80.0,Unknown
6.92,6.75,7.08,7.17,7.33,6.67,10.0,8.67,0.08,72.33,Unknown
8.5,8.5,8.0,8.0,8.0,8.0,10.0,10.0,0.12,86.92,Green
8.5,8.17,8.0,7.75,8.0,8.0,10.0,10.0,0.12,86.42,Green
8.33,8.0,8.0,8.0,7.75,8.0,10.0,10.0,0.11,86.08,Blue-Green
8.0,8.0,8.0,7.67,7.75,8.0,10.0,10.0,0.11,85.42,Blue-Green
8.0,7.92,7.75,7.75,8.0,7.75,10.0,10.0,0.11,84.92,Green
8.0,8.0,7.75,8.0,7.5,7.75,10.0,10.0,0.12,84.92,Green
8.0,8.0,7.75,7.75,7.58,7.75,10.0,10.0,0.12,84.58,Green
8.5,8.0,7.5,7.75,7.5,7.83,10.0,10.0,0.11,84.58,Blue-Green
8.17,8.0,7.5,7.75,7.5,7.67,10.0,10.0,0.0,84.33,Unknown
8.0,8.0,7.5,7.5,7.67,7.75,10.0,10.0,0.02,84.33,Unknown
7.58,7.75,7.58,7.75,7.58,7.75,10.0,10.0,0.06,84.0,Unknown
7.75,7.75,7.58,8.0,7.67,7.58,10.0,10.0,0.02,83.83,Unknown
7.5,7.83,7.58,7.58,7.75,7.83,10.0,10.0,0.01,83.83,Unknown
7.75,7.5,7.58,7.5,7.75,7.5,10.0,10.0,0.12,83.17,Blue-Green
7.58,7.75,7.67,7.5,7.67,7.58,10.0,10.0,0.02,83.17,Unknown
7.67,7.67,7.58,7.5,7.67,7.42,10.0,10.0,0.12,83.0,Bluish-Green
7.33,7.67,7.58,7.5,7.75,7.67,10.0,10.0,0.28,83.0,Unknown
7.58,7.5,7.33,7.75,7.5,7.5,10.0,10.0,0.0,82.58,Unknown
7.33,7.58,7.17,7.58,7.42,7.58,10.0,10.0,0.0,82.42,Green
7.33,7.67,7.25,7.5,7.5,7.25,10.0,10.0,0.02,81.83,Unknown
7.33,7.42,7.33,7.33,7.5,7.67,10.0,10.0,0.0,81.75,Green
7.08,7.33,7.58,7.58,7.17,7.5,10.0,10.0,0.01,81.58,Unknown
7.33,7.33,7.17,7.5,7.58,7.33,10.0,10.0,0.2,81.58,Unknown
7.5,7.42,7.25,7.17,7.17,7.75,10.0,10.0,0.11,81.42,Green
7.08,7.33,7.17,7.25,7.33,7.67,10.0,10.0,0.13,80.75,Bluish-Green
7.33,7.0,6.5,6.08,7.58,6.33,9.33,9.33,0.12,76.17,None
8.42,8.5,8.33,8.5,8.25,8.25,10.0,10.0,0.11,88.75,Bluish-Green
8.17,8.25,8.17,8.0,7.83,8.17,10.0,10.0,0.13,87.17,Green
8.42,8.17,8.17,8.0,7.58,8.0,10.0,10.0,0.11,86.5,Bluish-Green
8.08,8.17,8.0,7.92,7.92,7.83,10.0,10.0,0.0,86.25,Unknown
7.83,8.33,7.83,8.25,7.58,7.92,10.0,10.0,0.1,86.17,Green
8.25,8.0,7.83,8.08,8.0,7.92,10.0,10.0,0.1,86.0,Blue-Green
7.83,8.0,8.0,8.17,7.83,8.0,10.0,10.0,0.12,85.83,Green
8.0,8.0,7.83,8.33,7.83,7.83,10.0,10.0,0.1,85.83,Bluish-Green
8.33,8.42,7.83,8.33,8.0,8.25,9.33,10.0,0.12,85.75,Bluish-Green
7.83,8.0,8.0,7.75,7.92,8.17,10.0,10.0,0.11,85.58,None
7.83,8.0,7.92,7.75,8.08,8.0,10.0,10.0,0.0,85.58,Unknown
7.92,7.92,7.75,7.92,7.75,7.92,10.0,10.0,0.0,85.42,Unknown
7.83,8.08,7.75,8.08,7.92,7.75,10.0,10.0,0.0,85.33,Green
8.0,7.92,7.92,8.08,7.83,7.75,10.0,10.0,0.0,85.33,Green
7.75,7.83,7.67,8.0,8.08,7.83,10.0,10.0,0.11,85.17,Green
8.25,8.0,7.67,7.92,7.75,7.67,10.0,10.0,0.0,85.17,Unknown
7.83,8.0,7.75,7.75,7.83,7.83,10.0,10.0,0.11,85.08,Green
7.75,7.83,7.75,8.08,8.0,7.75,10.0,10.0,0.0,85.0,Green
8.0,8.0,7.83,7.83,7.67,7.67,10.0,10.0,0.12,85.0,Green
7.75,7.92,7.83,7.75,7.75,8.0,10.0,10.0,0.11,84.92,Green
7.75,8.0,7.75,7.83,7.5,7.92,10.0,10.0,0.11,84.92,Unknown
7.67,7.75,7.75,7.75,7.83,8.0,10.0,10.0,0.0,84.83,Unknown
8.08,7.83,7.75,7.83,7.92,8.0,10.0,9.33,0.0,84.67,Green
7.75,7.92,7.83,8.0,7.58,7.75,10.0,10.0,0.11,84.67,Bluish-Green
8.0,7.83,7.67,7.83,7.67,8.0,10.0,10.0,0.11,84.67,Green
7.67,7.83,7.67,8.0,7.67,7.83,10.0,10.0,0.12,84.67,Green
7.83,7.58,7.67,7.92,7.92,7.83,10.0,10.0,0.13,84.67,Unknown
7.92,7.83,7.75,7.92,7.67,7.75,10.0,10.0,0.11,84.67,Blue-Green
7.67,7.83,7.83,8.0,7.58,7.92,10.0,10.0,0.0,84.58,Green
7.75,7.83,7.75,8.0,7.83,7.67,10.0,10.0,0.12,84.58,Bluish-Green
7.42,7.67,7.75,7.75,8.08,7.83,10.0,10.0,0.11,84.58,Green
7.92,7.83,7.67,8.0,7.67,7.75,10.0,10.0,0.11,84.5,Blue-Green
8.0,7.92,7.42,8.08,7.5,7.67,10.0,10.0,0.12,84.5,Green
7.92,7.83,7.75,7.75,7.75,7.83,10.0,10.0,0.11,84.5,Unknown
7.67,8.0,7.67,8.0,7.5,7.83,10.0,10.0,0.11,84.5,Green
7.83,7.83,7.75,8.0,7.5,7.75,10.0,10.0,0.11,84.42,Blue-Green
7.92,7.92,7.5,7.83,7.5,7.92,10.0,10.0,0.11,84.42,Blue-Green
7.75,7.92,7.75,7.67,7.83,7.67,10.0,10.0,0.12,84.42,Unknown
8.0,7.75,7.75,7.83,7.5,7.67,10.0,10.0,0.12,84.33,Blue-Green
7.33,7.92,7.92,7.92,7.92,8.08,10.0,9.33,0.11,84.25,Bluish-Green
7.83,7.83,7.75,7.67,7.83,7.58,10.0,10.0,0.12,84.25,Green
7.83,7.92,7.67,7.75,7.5,7.75,10.0,10.0,0.1,84.25,Bluish-Green
8.17,7.75,7.58,7.67,7.83,7.58,10.0,10.0,0.13,84.25,Green
7.75,7.75,7.75,7.75,7.83,7.75,10.0,10.0,0.0,84.17,Green
7.83,7.5,7.5,8.0,7.83,7.83,10.0,10.0,0.11,84.17,Bluish-Green
7.83,7.75,7.5,7.83,7.83,7.75,10.0,10.0,0.11,84.17,Green
7.83,7.75,7.83,7.83,7.42,8.08,9.33,10.0,0.11,84.08,Green
7.67,7.75,7.67,7.75,7.67,7.75,10.0,10.0,0.11,84.08,Green
7.92,7.92,7.83,8.0,7.92,7.92,10.0,8.67,0.09,84.08,Unknown
7.67,7.83,7.5,7.75,7.92,7.67,10.0,10.0,0.0,84.0,Green
7.92,8.17,8.17,8.42,8.08,8.17,8.67,9.33,0.12,84.0,Green
7.67,7.75,7.67,7.75,7.83,7.67,10.0,10.0,0.0,84.0,Bluish-Green
7.92,7.75,7.58,7.67,7.67,7.83,10.0,10.0,0.1,84.0,Green
7.67,7.75,7.58,7.67,7.75,7.83,10.0,10.0,0.12,83.92,Blue-Green
7.5,7.67,7.58,7.83,7.75,7.75,10.0,10.0,0.11,83.92,Unknown
7.75,7.92,7.83,7.92,7.75,7.67,9.33,10.0,0.0,83.92,Green
7.67,8.0,7.67,7.42,7.67,7.5,10.0,10.0,0.1,83.83,Green
7.67,7.58,7.5,7.75,7.75,7.75,10.0,10.0,0.11,83.83,Unknown
7.83,7.58,7.58,7.5,7.75,7.67,10.0,10.0,0.13,83.75,None
7.67,7.58,7.58,7.67,7.75,7.75,10.0,10.0,0.11,83.75,Bluish-Green
7.75,7.75,7.58,7.83,7.17,7.75,10.0,10.0,0.11,83.67,Green
8.17,8.17,7.83,7.67,8.08,7.75,9.33,9.33,0.11,83.67,Green
7.67,8.17,7.5,7.42,7.58,7.83,10.0,10.0,0.11,83.67,Green
7.67,7.5,7.5,7.33,7.83,8.25,10.0,10.0,0.12,83.67,Green
8.17,7.67,7.58,7.58,7.42,7.67,10.0,10.0,0.12,83.67,Green
7.67,7.5,7.33,8.0,7.67,7.67,10.0,10.0,0.1,83.67,Green
7.67,7.67,7.58,7.67,7.75,7.58,10.0,10.0,0.11,83.58,Green
7.83,7.67,7.58,7.58,7.67,7.58,10.0,10.0,0.12,83.58,Unknown
7.67,7.58,7.58,7.58,7.67,7.75,10.0,10.0,0.11,83.58,Green
7.83,7.75,7.5,7.75,7.5,7.58,10.0,10.0,0.12,83.58,Blue-Green
7.83,7.58,7.25,7.5,7.5,7.42,10.0,10.0,0.13,83.5,Green
7.75,7.67,7.67,7.75,7.33,7.5,10.0,10.0,0.12,83.5,Green
7.83,7.5,7.5,8.0,7.67,7.5,10.0,10.0,0.1,83.5,Green
7.67,7.58,7.58,7.67,7.67,7.67,10.0,10.0,0.11,83.5,Green
7.5,7.5,7.75,7.5,8.0,7.67,10.0,10.0,0.0,83.5,Green
7.42,7.75,7.67,7.58,7.67,7.67,10.0,10.0,0.0,83.42,Green
7.5,7.75,7.58,7.5,7.67,7.75,10.0,10.0,0.11,83.42,Green
7.58,7.5,7.67,7.5,7.83,7.42,10.0,10.0,0.11,83.33,Green
7.92,7.5,7.58,7.83,7.67,7.67,9.33,10.0,0.1,83.33,Bluish-Green
7.75,7.67,7.33,7.5,7.5,7.75,10.0,10.0,0.0,83.33,Unknown
7.5,7.67,7.67,7.58,7.67,7.58,10.0,10.0,0.0,83.33,Green
7.58,7.75,7.83,8.0,8.08,7.67,9.33,9.33,0.11,83.25,Bluish-Green
7.75,7.58,7.58,7.58,7.5,7.58,10.0,10.0,0.13,83.25,Green
7.83,7.58,7.08,7.83,7.42,8.08,10.0,10.0,0.11,83.25,Green
7.75,7.67,7.5,7.58,7.58,7.58,10.0,10.0,0.11,83.25,Blue-Green
7.67,7.58,7.58,7.42,7.83,7.58,10.0,10.0,0.12,83.25,Green
7.67,7.67,7.5,7.5,7.58,7.67,10.0,10.0,0.11,83.25,Green
7.75,7.67,7.58,7.5,7.42,7.58,10.0,10.0,0.12,83.17,None
7.58,7.75,7.42,7.67,7.5,7.58,10.0,10.0,0.14,83.17,None
7.67,7.5,7.5,7.5,7.58,8.17,10.0,10.0,0.11,83.17,Green
7.75,7.5,7.42,7.75,7.58,7.58,10.0,10.0,0.13,83.17,Green
7.58,7.67,7.5,7.58,7.67,7.67,10.0,10.0,0.11,83.17,Blue-Green
7.5,7.75,7.58,7.58,7.67,7.5,10.0,10.0,0.11,83.17,Unknown
7.75,7.67,7.58,7.5,7.58,7.58,10.0,10.0,0.12,83.17,Green
7.92,7.58,7.5,7.58,7.42,7.5,10.0,10.0,0.11,83.17,Green
7.75,7.5,7.67,7.5,7.92,8.0,10.0,9.33,0.0,83.17,Green
7.83,7.83,7.33,7.17,7.75,7.67,10.0,10.0,0.1,83.08,Bluish-Green
7.75,7.67,7.42,7.75,7.5,7.5,10.0,10.0,0.1,83.08,Unknown
7.67,7.58,7.5,7.67,7.92,8.0,9.33,10.0,0.0,83.08,Unknown
7.33,7.58,7.58,7.92,7.67,7.58,10.0,10.0,0.12,83.08,Green
7.5,7.5,7.42,7.58,7.75,7.58,10.0,10.0,0.11,83.0,Green
7.67,7.58,7.42,7.5,7.67,7.58,10.0,10.0,0.11,83.0,Green
7.67,7.83,7.5,7.58,7.58,7.67,9.33,10.0,0.11,83.0,Green
7.5,7.67,7.5,7.5,7.58,7.58,10.0,10.0,0.11,83.0,Green
7.67,7.58,7.5,7.5,7.75,7.5,10.0,10.0,0.0,83.0,Unknown
7.75,7.58,7.5,7.67,7.83,7.75,9.33,10.0,0.0,83.0,Green
7.67,7.58,7.58,7.58,7.67,7.42,10.0,10.0,0.11,83.0,Green
7.5,7.67,7.5,7.67,7.5,7.83,10.0,10.0,0.1,83.0,Green
7.58,7.58,7.25,7.58,7.58,7.58,10.0,10.0,0.1,82.92,Green
7.58,7.58,7.33,7.25,7.58,7.75,10.0,10.0,0.1,82.92,Green
7.67,7.33,7.17,7.58,8.08,7.42,10.0,10.0,0.0,82.92,None
8.0,7.92,7.67,7.17,7.67,7.42,9.33,10.0,0.14,82.92,Green
7.5,7.5,7.5,7.42,7.67,7.83,10.0,10.0,0.1,82.92,Green
7.67,7.5,7.33,7.25,7.58,7.75,10.0,10.0,0.11,82.83,Green
7.58,7.67,7.5,7.58,7.5,7.5,10.0,10.0,0.12,82.83,Green
7.67,7.58,7.42,7.75,7.42,7.42,10.0,10.0,0.12,82.83,Blue-Green
7.67,7.67,7.33,7.5,7.33,7.92,10.0,10.0,0.11,82.83,Green
7.58,7.58,7.5,7.42,7.67,7.58,10.0,10.0,0.11,82.83,Unknown
7.58,7.58,7.33,7.75,7.25,7.58,10.0,10.0,0.12,82.75,Unknown
8.08,8.17,8.0,8.0,7.83,7.92,6.67,10.0,0.12,82.75,Unknown
7.5,7.58,7.42,7.67,7.5,7.58,10.0,10.0,0.0,82.75,Blue-Green
7.67,7.58,7.58,7.58,7.5,7.42,10.0,10.0,0.11,82.75,Green
7.25,7.75,7.5,7.83,7.67,7.67,9.33,10.0,0.12,82.75,Green
7.42,7.42,7.5,7.58,7.5,7.75,10.0,10.0,0.0,82.75,Green
7.75,7.58,7.67,7.25,7.58,7.42,10.0,10.0,0.11,82.67,Bluish-Green
7.92,8.0,7.5,6.75,7.92,7.58,10.0,9.33,0.0,82.67,None
7.67,7.67,7.17,7.67,7.5,7.5,10.0,10.0,0.11,82.67,Green
7.83,7.33,7.83,7.33,7.58,7.83,10.0,9.33,0.12,82.67,Bluish-Green
7.58,7.58,7.42,7.58,7.42,7.5,10.0,10.0,0.11,82.67,Unknown
7.5,7.58,7.58,7.58,7.42,7.42,10.0,10.0,0.12,82.67,Unknown
7.5,7.58,7.42,7.58,7.42,7.58,10.0,10.0,0.0,82.58,Blue-Green
7.75,7.5,7.75,7.25,7.33,7.58,10.0,10.0,0.11,82.58,Unknown
7.5,7.58,7.5,7.5,7.42,7.5,10.0,10.0,0.1,82.58,Green
7.67,7.58,7.58,7.75,7.67,6.83,10.0,10.0,0.12,82.58,Green
7.33,7.42,7.58,7.42,7.67,7.5,10.0,10.0,0.11,82.58,Green
7.5,7.58,7.5,7.5,7.42,7.42,10.0,10.0,0.13,82.5,None
7.67,7.5,7.33,7.67,7.5,7.33,10.0,10.0,0.12,82.5,Green
7.92,7.5,7.33,7.58,7.25,7.42,10.0,10.0,0.11,82.5,Unknown
7.67,7.33,7.33,7.33,7.5,7.83,10.0,10.0,0.11,82.5,Green
7.67,7.5,7.33,7.5,7.25,7.67,10.0,10.0,0.11,82.5,Green
7.33,7.42,7.33,7.75,7.42,7.67,10.0,10.0,0.12,82.5,Green
7.58,7.67,7.33,7.5,7.5,7.42,10.0,10.0,0.12,82.42,Blue-Green
7.25,7.67,7.42,7.17,7.75,7.5,10.0,10.0,0.09,82.42,None
7.75,7.33,7.25,7.58,7.58,7.33,10.0,10.0,0.13,82.42,Green
7.5,7.58,7.33,7.5,7.5,7.5,10.0,10.0,0.11,82.42,Green
7.58,7.58,7.17,7.5,7.5,7.5,10.0,10.0,0.14,82.42,Green
7.58,7.33,7.33,7.58,7.5,7.5,10.0,10.0,0.11,82.42,Green
7.67,7.58,7.33,7.42,7.58,7.33,10.0,10.0,0.13,82.42,Unknown
7.83,7.5,7.42,7.67,7.17,7.33,10.0,10.0,0.12,82.42,Bluish-Green
7.67,7.33,7.25,7.42,7.5,7.67,10.0,10.0,0.0,82.42,Unknown
7.75,7.5,7.42,7.42,7.5,7.42,10.0,10.0,0.11,82.42,Blue-Green
7.67,7.5,7.33,7.67,7.5,7.33,10.0,10.0,0.11,82.33,Green
7.58,7.67,7.58,7.33,7.0,7.58,10.0,10.0,0.15,82.33,None
7.67,7.58,7.5,7.58,7.5,7.5,10.0,10.0,0.13,82.33,Green
7.5,7.67,7.33,7.5,7.33,7.5,10.0,10.0,0.1,82.33,Green
7.58,7.5,7.42,7.5,7.5,7.42,10.0,10.0,0.12,82.33,Green
8.0,7.75,7.33,7.33,7.08,7.67,9.33,10.0,0.11,82.33,Green
7.58,7.58,7.25,7.58,7.42,7.5,10.0,10.0,0.11,82.33,Green
7.83,7.58,7.33,7.25,7.58,7.42,10.0,10.0,0.0,82.33,Green
7.58,7.58,7.5,7.17,7.42,7.42,10.0,10.0,0.16,82.25,None
7.5,7.58,7.42,7.67,7.33,7.42,10.0,10.0,0.13,82.25,Green
7.67,7.58,7.33,7.5,7.42,7.42,10.0,10.0,0.12,82.25,Green
7.75,7.33,7.33,7.5,7.5,7.5,10.0,10.0,0.0,82.25,Green
7.33,7.58,7.42,7.67,7.33,7.5,10.0,10.0,0.11,82.25,Green
7.42,7.5,7.42,7.58,7.42,7.5,10.0,10.0,0.1,82.25,Green
7.5,7.42,7.67,7.33,7.58,7.33,10.0,10.0,0.12,82.25,Green
7.67,7.33,7.33,7.33,7.5,7.5,10.0,10.0,0.11,82.25,Green
7.67,7.58,7.42,7.0,7.5,7.58,10.0,10.0,0.12,82.25,Green
7.5,7.67,7.0,7.5,7.33,7.5,10.0,10.0,0.15,82.17,None
7.25,7.75,7.0,7.75,8.17,7.75,10.0,9.33,0.12,82.17,None
7.5,7.58,7.25,7.5,7.5,7.33,10.0,10.0,0.12,82.17,Green
7.0,7.67,7.5,7.5,7.42,7.5,10.0,10.0,0.1,82.17,Green
7.25,7.58,7.58,7.25,7.5,7.42,10.0,10.0,0.11,82.08,Bluish-Green
7.5,7.42,7.42,7.5,7.25,7.5,10.0,10.0,0.13,82.08,Green
7.67,7.5,7.25,7.58,7.42,7.33,10.0,10.0,0.11,82.08,Green
7.67,8.0,7.17,7.08,7.67,7.08,10.0,10.0,0.12,82.08,Green
7.58,7.42,7.25,7.75,7.33,7.42,10.0,10.0,0.11,82.08,Green
7.33,7.5,7.33,7.58,7.08,7.83,10.0,10.0,0.1,82.08,Green
7.67,7.33,7.25,7.5,7.42,7.42,10.0,10.0,0.12,82.0,Green
7.42,7.5,7.33,7.5,7.33,7.5,10.0,10.0,0.12,82.0,Green
7.42,7.5,7.25,7.5,7.5,7.42,10.0,10.0,0.11,82.0,Blue-Green
7.33,7.33,7.33,7.5,7.67,7.67,10.0,10.0,0.11,82.0,Green
7.58,7.5,7.17,7.5,7.5,7.42,10.0,10.0,0.12,82.0,Green
7.75,7.33,7.33,7.42,7.75,7.67,10.0,9.33,0.0,82.0,Green
7.42,7.33,7.33,7.58,7.33,7.5,10.0,10.0,0.11,81.92,Green
7.5,7.5,7.25,7.25,7.5,7.5,10.0,10.0,0.13,81.92,None
7.5,7.42,7.25,7.5,7.33,7.33,10.0,10.0,0.14,81.92,None
7.33,7.58,7.17,7.58,7.42,7.33,10.0,10.0,0.12,81.92,Green
7.42,7.58,7.25,7.5,7.33,7.5,10.0,10.0,0.12,81.92,Green
7.83,7.83,7.83,8.0,7.83,7.83,10.0,10.0,0.0,81.83,Bluish-Green
7.83,7.33,7.25,7.58,7.25,7.33,10.0,10.0,0.12,81.83,Green
7.33,7.33,7.25,7.5,7.5,7.5,10.0,10.0,0.12,81.83,Green
7.5,7.5,7.33,7.42,7.25,7.25,10.0,10.0,0.13,81.75,None
7.42,7.5,7.17,7.67,7.33,7.42,10.0,10.0,0.13,81.75,Green
7.42,7.5,7.33,7.58,7.33,7.33,10.0,10.0,0.11,81.75,Green
7.33,7.42,7.33,7.67,7.42,7.25,10.0,10.0,0.12,81.75,Green
7.5,7.42,7.25,7.33,7.67,7.25,10.0,10.0,0.12,81.75,Unknown
7.5,7.67,7.33,7.33,7.33,7.33,10.0,10.0,0.11,81.67,Green
7.25,7.67,7.58,7.67,7.67,7.58,8.67,10.0,0.13,81.67,Green
7.67,7.25,7.17,7.75,7.5,7.25,10.0,10.0,0.11,81.67,Green
7.5,7.42,7.33,7.42,7.42,7.42,10.0,10.0,0.11,81.67,Green
7.58,7.42,7.25,7.58,7.25,7.17,10.0,10.0,0.11,81.67,Green
7.42,7.33,7.33,7.33,7.17,7.83,10.0,10.0,0.1,81.67,Green
7.33,7.5,7.25,7.5,7.5,7.17,10.0,10.0,0.11,81.58,Unknown
7.67,7.58,7.42,7.58,7.58,7.42,10.0,8.67,0.11,81.58,Unknown
7.58,7.42,7.25,7.42,7.33,7.33,10.0,10.0,0.12,81.5,Green
7.42,7.25,7.17,7.42,7.17,8.0,10.0,10.0,0.12,81.5,Green
7.33,7.5,7.33,7.33,7.33,7.42,10.0,10.0,0.11,81.5,Green
7.42,7.42,7.33,7.17,7.25,7.42,10.0,10.0,0.13,81.5,Green
7.5,7.5,7.25,7.5,7.42,7.58,9.33,10.0,0.11,81.5,Green
7.75,7.17,7.17,7.33,7.58,7.33,10.0,10.0,0.12,81.5,Green
7.33,7.5,7.33,7.42,7.17,7.33,10.0,10.0,0.11,81.5,Green
7.42,7.33,7.25,7.17,7.25,7.42,10.0,10.0,0.13,81.42,None
7.42,7.42,7.25,7.25,7.5,7.33,10.0,10.0,0.13,81.42,Unknown
7.58,7.42,7.25,7.33,7.25,7.25,10.0,10.0,0.13,81.33,Green
7.33,7.25,7.17,7.42,7.58,7.33,10.0,10.0,0.12,81.33,None
7.42,7.42,7.33,7.33,7.5,7.42,9.33,10.0,0.12,81.25,Green
7.42,7.25,7.08,7.75,7.42,7.17,10.0,10.0,0.13,81.17,Green
7.42,7.25,7.33,7.25,7.25,7.42,10.0,10.0,0.12,81.17,Green
7.42,7.33,7.25,7.42,7.5,7.17,10.0,10.0,0.12,81.17,Green
7.25,7.42,7.33,7.33,7.17,7.33,10.0,10.0,0.13,81.08,None
7.33,7.25,7.33,7.42,7.25,7.42,10.0,10.0,0.12,81.08,Green
7.33,7.33,7.25,7.42,7.25,7.25,10.0,10.0,0.11,81.08,Green
7.42,7.33,7.25,7.42,7.17,7.25,10.0,10.0,0.1,81.08,Green
7.42,7.42,7.25,7.58,6.92,7.17,10.0,10.0,0.06,81.08,Blue-Green
7.33,7.42,7.25,7.42,7.25,7.17,10.0,10.0,0.0,81.0,Green
7.08,7.33,7.33,7.33,7.42,7.25,10.0,10.0,0.12,81.0,Green
7.58,7.67,7.5,7.67,7.58,7.5,8.0,10.0,0.0,81.0,Green
7.58,7.33,7.08,7.5,7.17,7.25,10.0,10.0,0.13,80.92,Green
7.17,7.08,7.25,7.42,7.25,7.33,10.0,10.0,0.13,80.83,Green
7.5,7.17,7.33,7.25,7.17,7.17,10.0,10.0,0.13,80.83,Green
7.42,7.33,7.0,7.25,7.33,7.5,10.0,10.0,0.1,80.83,Blue-Green
7.58,7.33,7.42,7.25,7.5,7.5,9.33,10.0,0.11,80.75,Green
7.42,7.0,7.42,7.25,7.08,7.33,10.0,10.0,0.12,80.75,Green
7.0,7.33,7.5,7.33,7.0,7.33,10.0,10.0,0.11,80.67,Green
7.0,7.5,7.33,7.17,7.17,7.17,10.0,10.0,0.11,80.67,Green
7.25,7.25,7.08,7.33,7.25,7.17,10.0,10.0,0.15,80.5,None
6.92,7.17,7.08,7.5,7.33,7.17,10.0,10.0,0.1,80.42,Green
7.42,7.08,7.08,7.33,7.25,7.17,10.0,10.0,0.12,80.42,Green
7.17,7.5,6.92,7.33,7.67,7.33,9.33,10.0,0.12,80.33,Green
7.42,8.0,7.83,7.75,8.08,7.58,8.67,8.67,0.1,80.25,Green
7.0,7.17,7.33,7.33,7.0,7.17,10.0,10.0,0.11,80.25,Green
7.58,7.33,7.17,7.25,6.75,7.0,10.0,10.0,0.11,80.25,None
7.58,7.42,7.33,7.5,7.08,7.17,8.67,10.0,0.14,80.17,Green
7.33,7.33,7.17,7.08,7.25,7.0,10.0,10.0,0.12,80.17,Green
7.33,7.33,7.0,7.33,7.0,7.0,10.0,10.0,0.11,80.17,Green
7.33,7.17,7.25,7.08,7.08,7.08,10.0,10.0,0.15,80.08,None
7.25,7.08,7.0,7.17,7.33,7.17,10.0,10.0,0.14,80.08,Green
7.33,6.67,7.08,7.42,7.42,7.08,10.0,10.0,0.0,80.0,Green
7.25,7.25,7.08,7.17,7.33,7.33,9.33,10.0,0.12,80.0,Green
7.08,7.33,7.0,7.33,7.08,7.0,10.0,10.0,0.11,80.0,Green
7.17,7.17,6.92,7.25,7.33,7.08,10.0,10.0,0.12,79.92,Green
7.5,7.17,7.0,7.17,7.25,7.08,10.0,10.0,0.0,79.92,Unknown
7.17,7.08,7.08,7.08,7.5,7.33,9.33,10.0,0.11,79.92,Green
7.33,7.25,7.0,7.42,7.17,7.17,9.33,10.0,0.12,79.92,Green
7.17,7.08,7.0,7.25,7.5,7.0,10.0,10.0,0.12,79.83,Green
7.58,7.08,6.83,7.17,7.5,7.17,9.33,10.0,0.12,79.83,Blue-Green
7.25,7.17,7.17,7.08,7.17,7.0,10.0,10.0,0.14,79.75,None
7.33,7.25,7.0,7.08,7.08,7.0,10.0,10.0,0.1,79.75,Green
7.58,7.33,7.5,7.33,7.0,7.33,9.33,9.33,0.0,79.75,Green
7.25,6.83,6.92,7.08,7.25,7.08,10.0,10.0,0.12,79.75,Unknown
7.33,7.17,7.0,6.75,7.08,7.0,10.0,10.0,0.13,79.67,None
6.92,7.17,7.17,7.17,7.08,7.08,10.0,10.0,0.0,79.67,Unknown
7.08,7.0,6.92,7.33,7.25,7.08,10.0,10.0,0.12,79.58,None
7.25,6.92,6.92,7.33,7.25,7.0,10.0,10.0,0.13,79.58,Green
7.25,7.08,6.92,7.25,7.58,7.08,9.33,10.0,0.12,79.5,Green
7.25,7.33,7.0,7.25,7.17,7.17,9.33,10.0,0.12,79.5,Bluish-Green
7.0,7.0,6.83,7.33,7.42,6.92,10.0,10.0,0.14,79.33,None
7.42,7.17,7.08,7.17,7.08,7.08,9.33,10.0,0.14,79.33,Green
7.17,6.5,6.33,7.25,7.58,7.33,10.0,10.0,0.11,79.33,Green
7.0,7.0,6.92,7.17,7.17,7.08,10.0,10.0,0.13,79.25,Green
7.17,7.42,7.5,8.0,7.25,7.83,10.0,6.67,0.1,79.17,None
7.25,7.08,6.92,7.08,7.17,7.17,9.33,10.0,0.14,79.17,None
7.17,6.92,6.92,7.08,7.17,7.0,10.0,10.0,0.14,79.17,Green
7.33,7.0,6.92,7.25,7.33,7.08,9.33,10.0,0.16,79.08,None
7.17,7.25,7.25,7.17,7.25,7.08,9.33,10.0,0.1,79.08,Bluish-Green
7.67,7.17,7.08,7.25,8.0,7.5,8.67,9.33,0.0,79.0,Unknown
7.5,7.17,6.92,7.5,7.25,7.0,8.67,10.0,0.14,79.0,Green
7.5,7.0,6.92,7.08,6.92,6.75,10.0,10.0,0.16,78.92,None
7.25,6.83,6.83,7.0,7.17,7.0,10.0,10.0,0.14,78.75,Green
7.25,7.33,7.17,7.25,7.08,7.0,8.67,10.0,0.14,78.75,None
7.67,7.17,6.83,7.33,7.58,7.17,9.33,8.67,0.12,78.75,Unknown
6.92,6.92,6.67,7.25,7.17,6.92,10.0,10.0,0.13,78.67,None
7.0,7.0,6.75,7.33,6.92,6.92,10.0,10.0,0.13,78.58,Green
7.92,7.58,7.58,7.92,7.92,7.5,8.0,10.0,0.1,78.58,Unknown
7.25,7.17,7.0,6.83,7.58,7.08,8.67,10.0,0.13,78.5,Green
7.58,7.17,7.0,7.17,7.33,7.0,8.0,10.0,0.14,78.42,None
7.17,7.17,6.5,7.17,7.0,6.83,10.0,10.0,0.11,78.33,Green
7.17,6.08,6.17,7.25,7.33,7.33,10.0,10.0,0.11,78.33,Green
7.42,7.33,7.33,7.5,7.67,7.75,8.0,9.33,0.11,78.25,Green
7.08,6.83,6.67,7.25,7.25,6.92,10.0,10.0,0.11,78.08,Green
7.25,7.33,7.0,7.0,7.25,7.08,10.0,8.0,0.12,78.0,Green
7.42,7.25,7.0,7.0,7.25,7.08,8.0,10.0,0.11,77.92,Green
7.17,6.17,6.17,7.08,7.33,6.83,10.0,10.0,0.11,77.92,Green
7.17,6.75,6.58,6.75,6.83,6.75,10.0,10.0,0.13,77.5,Green
7.33,7.0,6.67,7.0,6.92,6.92,9.33,10.0,0.15,77.33,None
7.08,7.0,7.0,7.25,7.33,7.25,8.67,10.0,0.12,77.17,Green
7.17,6.58,6.58,7.0,7.25,6.58,9.33,10.0,0.13,76.42,Green
7.5,7.0,6.83,7.5,7.17,7.33,8.67,8.67,0.11,76.33,Green
7.42,7.0,6.83,7.08,6.92,6.83,7.33,10.0,0.16,76.17,None
6.83,6.5,6.5,6.92,6.75,7.0,9.33,9.33,0.12,75.83,Green
7.92,7.58,7.17,7.58,7.33,7.17,8.0,8.0,0.11,75.58,Green
6.67,6.5,6.33,7.0,7.17,6.75,8.67,10.0,0.12,75.58,Unknown
7.17,6.92,6.67,6.83,7.25,7.75,10.0,10.0,0.11,75.17,Green
7.25,6.83,6.67,7.08,7.17,6.83,10.0,10.0,0.12,75.17,Unknown
7.17,7.17,6.83,7.17,7.42,6.67,8.67,10.0,0.13,75.17,Bluish-Green
7.0,6.92,6.75,6.92,7.17,6.83,10.0,10.0,0.14,75.0,Green
7.08,6.75,6.58,7.0,7.0,6.75,8.67,10.0,0.17,74.92,None
7.33,6.75,6.67,7.25,7.5,7.0,10.0,10.0,0.12,74.83,Green
6.75,6.5,6.17,7.0,7.25,6.75,8.0,10.0,0.11,74.75,Unknown
6.75,6.67,6.17,7.17,7.0,6.58,8.0,10.0,0.11,74.75,Unknown
7.0,6.58,6.67,6.83,7.08,6.83,10.0,10.0,0.14,74.33,Green
6.92,6.42,6.17,7.33,7.25,6.75,10.0,10.0,0.13,74.0,None
7.67,7.0,7.17,7.58,7.33,7.33,10.0,10.0,0.12,73.83,Green
7.17,7.17,7.17,7.58,7.67,6.92,9.33,6.67,0.0,73.67,Unknown
6.92,6.92,6.92,6.92,7.17,7.0,10.0,10.0,0.12,71.08,Green
6.5,6.67,6.42,7.17,7.33,6.5,8.0,10.0,0.11,71.0,Green
7.08,6.83,6.25,7.42,7.25,6.75,10.0,10.0,0.11,68.33,None
6.75,6.58,6.42,6.67,7.08,6.67,9.33,6.0,0.14,67.92,Blue-Green
7.5,6.67,6.67,7.67,7.33,6.67,8.0,1.33,0.1,59.83,Green
8.0,7.92,7.67,8.0,7.75,7.92,10.0,7.75,0.0,82.75,Green
7.92,7.5,7.42,7.42,7.42,7.42,9.33,7.58,0.0,79.33,Green
8.58,8.42,8.42,8.5,8.25,8.33,10.0,10.0,0.11,88.83,Bluish-Green
8.42,8.17,7.92,8.17,8.33,8.0,10.0,10.0,0.11,87.08,Bluish-Green
8.42,8.17,8.17,8.17,7.83,7.92,10.0,10.0,0.12,86.83,Green
8.08,8.0,8.0,8.25,7.92,7.92,10.0,10.0,0.12,86.25,Blue-Green
7.75,7.92,7.83,8.08,8.08,8.17,10.0,10.0,0.12,86.0,Green
7.92,8.17,7.83,8.5,7.5,7.92,10.0,10.0,0.11,86.0,Green
8.17,8.17,7.92,8.08,7.83,7.75,10.0,10.0,0.12,85.92,Green
8.0,8.0,8.0,8.17,7.83,8.0,10.0,10.0,0.0,85.92,Blue-Green
8.0,8.0,8.0,8.08,7.92,7.75,10.0,10.0,0.1,85.75,Green
7.92,8.17,8.0,7.92,7.75,7.83,10.0,10.0,0.1,85.58,Blue-Green
8.33,7.92,7.67,7.92,7.67,7.92,10.0,10.0,0.12,85.5,Green
8.0,7.83,7.67,8.33,7.83,8.0,10.0,10.0,0.11,85.5,Green
8.08,8.0,7.83,7.67,8.0,7.83,10.0,10.0,0.12,85.42,Green
7.75,7.92,7.67,7.67,8.25,7.75,10.0,10.0,0.12,84.83,Green
7.83,7.83,7.83,7.75,7.58,7.83,10.0,10.0,0.1,84.58,Bluish-Green
7.75,7.75,7.83,7.75,7.58,8.0,10.0,10.0,0.0,84.58,Unknown
7.75,7.75,7.75,8.08,7.75,7.75,10.0,10.0,0.0,84.58,Green
7.67,8.0,7.75,7.83,7.75,7.58,10.0,10.0,0.0,84.5,Green
8.17,7.83,7.67,7.83,7.67,7.83,10.0,10.0,0.11,84.5,Green
7.75,7.58,7.33,7.83,7.58,8.08,10.0,10.0,0.0,84.33,Green
7.58,7.5,7.75,7.83,7.92,7.83,10.0,10.0,0.11,84.25,Green
7.67,7.75,7.67,7.75,7.75,7.75,10.0,10.0,0.11,84.17,Bluish-Green
7.58,7.75,7.75,7.75,7.75,7.83,10.0,10.0,0.08,84.17,Green
7.92,7.75,7.67,7.67,7.83,7.92,10.0,10.0,0.11,84.17,Green
8.42,8.08,7.5,7.17,7.58,8.17,9.33,10.0,0.11,84.17,Bluish-Green
7.75,7.75,7.5,7.58,7.67,7.92,10.0,10.0,0.09,84.0,Green
7.67,7.83,7.67,7.75,7.67,7.75,10.0,10.0,0.11,84.0,Green
7.83,7.42,7.5,7.83,7.75,7.83,10.0,10.0,0.1,83.83,Green
7.5,7.67,7.58,7.75,7.83,7.83,10.0,10.0,0.09,83.83,Bluish-Green
7.67,7.58,7.58,7.83,7.58,7.67,10.0,10.0,0.11,83.83,Green
7.5,7.83,7.5,7.83,7.83,7.67,10.0,10.0,0.11,83.83,Green
8.0,7.92,7.58,7.75,7.33,7.5,10.0,10.0,0.12,83.75,Green
7.83,7.83,7.83,7.67,8.0,8.17,9.33,10.0,0.12,83.75,Green
7.58,7.67,7.75,7.67,7.67,7.67,10.0,10.0,0.0,83.75,Blue-Green
7.75,7.67,7.75,7.58,7.42,8.0,10.0,10.0,0.11,83.75,Green
7.25,7.42,7.67,7.58,7.83,8.25,10.0,10.0,0.0,83.75,Bluish-Green
7.83,7.75,7.67,7.58,7.58,7.67,10.0,10.0,0.0,83.67,Green
7.67,7.67,7.67,7.67,7.33,7.75,10.0,10.0,0.0,83.67,Green
7.67,7.67,7.42,7.67,8.0,7.75,10.0,10.0,0.12,83.67,Green
7.83,7.67,7.33,7.67,7.67,7.83,10.0,10.0,0.11,83.67,Green
7.67,7.67,7.42,7.75,7.75,7.67,10.0,10.0,0.12,83.58,Green
7.58,7.75,7.5,7.83,7.42,7.67,10.0,10.0,0.1,83.5,Green
7.58,7.75,7.42,7.67,7.75,7.67,10.0,10.0,0.0,83.5,Green
7.58,7.67,7.58,7.75,7.58,7.75,10.0,10.0,0.11,83.5,Green
7.75,7.83,7.33,7.83,7.5,7.67,10.0,10.0,0.1,83.42,Green
7.67,7.5,7.75,7.42,7.75,7.75,10.0,10.0,0.11,83.42,Green
7.5,7.67,7.67,7.5,7.83,7.17,10.0,10.0,0.11,83.33,Green
7.83,7.75,7.58,7.83,7.92,7.58,9.33,10.0,0.12,83.33,Green
7.67,7.67,7.5,7.67,7.92,7.42,10.0,10.0,0.11,83.33,Green
7.83,7.67,7.17,7.67,7.67,7.67,10.0,10.0,0.11,83.33,Green
7.83,7.5,7.67,7.33,7.67,7.67,10.0,10.0,0.11,83.25,Green
7.58,7.75,7.5,7.5,7.58,7.58,10.0,10.0,0.12,83.25,Green
7.5,7.5,7.5,7.67,7.67,7.67,10.0,10.0,0.1,83.17,Green
7.5,7.5,7.58,7.42,7.92,7.67,10.0,10.0,0.11,83.17,Bluish-Green
7.67,7.83,7.33,7.67,7.5,7.67,10.0,10.0,0.11,83.17,Green
7.75,7.58,7.58,7.58,7.5,7.42,10.0,10.0,0.11,83.17,Green
7.33,7.75,7.58,7.33,7.83,7.67,10.0,10.0,0.12,83.08,Bluish-Green
7.83,7.58,7.5,7.5,7.58,7.5,10.0,10.0,0.12,83.0,Green
7.67,7.5,7.67,7.83,7.75,7.83,10.0,9.33,0.0,83.0,Bluish-Green
7.67,7.58,7.5,7.58,7.5,7.5,10.0,10.0,0.11,83.0,Green
7.75,7.42,7.33,7.5,7.58,7.17,10.0,10.0,0.11,83.0,Green
7.83,7.5,7.58,7.33,7.5,7.67,10.0,10.0,0.0,83.0,Green
7.33,7.67,7.75,7.42,7.75,7.58,10.0,10.0,0.11,83.0,Green
7.58,7.75,7.42,7.67,7.58,7.42,10.0,10.0,0.0,83.0,Green
8.0,7.5,7.5,7.58,7.33,7.42,10.0,10.0,0.12,82.92,Green
7.75,7.58,7.58,7.5,7.5,7.5,10.0,10.0,0.12,82.92,Green
7.58,7.5,7.75,7.33,7.58,7.58,10.0,10.0,0.11,82.92,Green
7.75,7.5,7.25,7.5,7.75,7.5,10.0,10.0,0.0,82.92,Bluish-Green
7.83,7.75,7.25,7.92,7.5,7.17,10.0,10.0,0.11,82.92,Green
7.83,7.67,7.42,7.42,7.5,7.58,10.0,10.0,0.11,82.92,Green
7.5,7.42,7.58,7.5,7.58,7.58,10.0,10.0,0.0,82.83,Green
7.83,7.5,7.5,7.42,7.5,7.5,10.0,10.0,0.11,82.83,Green
7.67,7.58,7.42,7.83,7.33,7.5,10.0,10.0,0.1,82.75,Blue-Green
7.58,7.83,7.75,7.75,7.42,8.0,9.33,10.0,0.1,82.75,Green
7.58,7.33,7.17,7.33,7.25,8.58,10.0,10.0,0.1,82.75,Green
7.58,7.58,7.5,7.5,7.5,7.5,10.0,10.0,0.12,82.75,Green
7.67,7.5,7.33,7.67,7.5,7.5,10.0,10.0,0.12,82.67,Green
7.83,7.5,7.42,7.58,7.42,7.42,10.0,10.0,0.12,82.58,Green
7.67,7.42,7.5,7.67,7.0,7.75,10.0,10.0,0.11,82.58,Green
7.75,7.25,7.33,7.42,7.5,7.83,10.0,10.0,0.11,82.58,Blue-Green
7.58,7.5,7.42,7.58,7.67,7.42,10.0,10.0,0.11,82.58,Green
7.42,7.58,7.5,7.67,7.25,7.5,10.0,10.0,0.0,82.5,Green
7.83,7.42,7.33,7.67,7.42,7.5,10.0,10.0,0.12,82.5,Green
7.5,7.5,7.42,7.42,7.58,7.58,10.0,10.0,0.11,82.5,Green
7.83,7.67,7.17,7.33,7.5,7.67,10.0,10.0,0.11,82.5,Green
7.5,7.5,7.5,7.67,7.42,7.5,10.0,10.0,0.1,82.42,Green
7.58,7.58,7.58,7.75,7.5,7.58,9.33,10.0,0.0,82.42,Green
7.5,7.58,7.5,7.92,7.42,7.67,9.33,10.0,0.12,82.42,Green
7.67,7.42,7.33,7.5,7.58,7.5,10.0,10.0,0.11,82.42,Green
7.5,7.42,7.42,7.67,7.42,7.58,10.0,10.0,0.12,82.42,Green
7.42,7.33,7.5,7.17,7.08,8.33,10.0,10.0,0.1,82.33,Green
7.5,7.42,7.58,7.5,7.5,7.58,10.0,10.0,0.12,82.33,Green
7.5,7.42,7.5,7.5,7.5,7.58,10.0,10.0,0.0,82.33,Green
7.67,7.5,7.42,7.5,7.42,7.42,10.0,10.0,0.12,82.33,Green
7.58,7.58,7.42,7.42,7.42,7.42,10.0,10.0,0.12,82.25,Blue-Green
7.33,7.42,7.5,7.67,7.5,7.42,10.0,10.0,0.0,82.25,Bluish-Green
7.5,7.5,7.33,7.42,7.5,7.42,10.0,10.0,0.1,82.17,None
7.33,7.25,7.25,7.58,7.75,7.5,10.0,10.0,0.0,82.17,Bluish-Green
7.5,7.42,7.42,7.42,7.67,7.42,10.0,10.0,0.11,82.08,Green
7.58,7.33,7.33,7.33,7.5,7.67,10.0,10.0,0.11,82.08,Green
7.58,7.5,7.42,7.42,7.33,7.42,10.0,10.0,0.11,82.0,Green
7.5,7.25,7.33,7.33,7.75,7.5,10.0,10.0,0.1,82.0,Green
7.33,7.33,7.58,7.5,7.5,7.58,10.0,10.0,0.11,82.0,Green
7.58,7.42,7.25,7.17,7.5,7.67,10.0,10.0,0.12,81.92,Green
7.58,7.5,7.25,7.58,7.5,7.25,10.0,10.0,0.12,81.92,Green
7.5,7.5,7.0,7.42,7.5,7.58,10.0,10.0,0.0,81.83,Bluish-Green
7.83,7.67,7.33,7.33,7.67,7.83,9.33,9.33,0.11,81.83,Green
7.17,7.25,7.17,7.25,7.42,8.25,10.0,10.0,0.1,81.75,Bluish-Green
7.33,7.33,7.5,7.25,7.42,7.33,10.0,10.0,0.12,81.67,Green
7.17,7.42,7.33,7.42,7.33,7.42,10.0,10.0,0.11,81.67,Bluish-Green
7.5,7.17,7.17,7.17,7.5,7.08,10.0,10.0,0.11,81.67,Green
7.5,7.42,7.08,7.58,7.33,7.33,10.0,10.0,0.12,81.67,Green
7.42,7.33,7.17,7.58,7.42,7.5,10.0,10.0,0.12,81.58,Green
7.67,7.5,7.42,7.5,6.75,7.42,10.0,10.0,0.12,81.58,Green
7.42,7.33,7.25,7.42,7.42,7.33,10.0,10.0,0.11,81.5,Bluish-Green
7.33,7.33,7.17,7.42,7.5,7.5,10.0,10.0,0.13,81.5,Green
7.42,7.42,7.17,7.33,7.42,7.42,10.0,10.0,0.1,81.42,Bluish-Green
7.42,7.33,7.25,7.42,7.42,7.5,10.0,10.0,0.12,81.42,Green
7.5,7.33,7.5,7.58,7.0,7.25,10.0,10.0,0.11,81.25,Green
7.42,7.42,7.17,7.42,7.33,7.25,10.0,10.0,0.11,81.17,Green
7.67,7.75,7.67,7.58,7.58,7.67,6.67,10.0,0.0,81.08,Green
7.33,6.92,7.17,7.33,7.42,7.42,10.0,10.0,0.12,81.0,Green
7.33,7.08,7.25,7.0,7.5,7.42,10.0,10.0,0.1,80.92,Green
7.67,7.25,7.08,7.33,7.17,7.25,10.0,10.0,0.11,80.83,Green
7.67,7.17,7.0,7.5,7.0,7.0,10.0,10.0,0.12,80.67,Green
7.42,7.33,7.33,7.58,7.58,7.42,8.67,10.0,0.11,80.5,Green
7.5,7.5,7.0,7.67,7.17,7.0,10.0,10.0,0.12,80.5,Green
7.33,7.17,7.08,7.08,7.33,7.17,10.0,10.0,0.0,80.42,Green
7.25,7.08,7.25,7.17,7.33,7.17,10.0,10.0,0.17,80.42,Green
7.33,7.33,6.83,7.5,7.0,7.17,10.0,10.0,0.11,80.33,Green
7.33,7.33,7.0,7.17,7.17,7.17,10.0,10.0,0.11,80.17,Green
7.25,7.17,6.92,7.25,7.17,7.25,10.0,10.0,0.1,80.08,Green
7.33,7.08,7.08,7.33,7.42,7.17,9.33,10.0,0.12,79.92,Green
7.25,7.08,6.92,7.5,7.08,6.92,10.0,10.0,0.12,79.75,Green
7.0,7.08,7.0,7.25,7.5,7.42,9.33,10.0,0.12,79.75,Green
7.58,7.5,7.67,7.75,7.67,7.58,8.0,10.0,0.1,79.75,Bluish-Green
7.58,7.08,7.0,7.0,7.5,6.92,10.0,10.0,0.12,79.75,Green
7.58,7.08,6.92,7.58,7.5,6.92,10.0,10.0,0.13,79.75,Green
7.25,7.08,7.0,7.17,7.17,7.08,10.0,10.0,0.12,79.75,Green
6.92,7.17,6.83,7.42,7.17,7.08,10.0,10.0,0.12,79.67,Blue-Green
7.5,7.0,6.83,7.08,7.08,7.17,10.0,10.0,0.11,79.67,Green
7.42,7.25,6.83,7.58,7.17,6.58,10.0,10.0,0.12,79.67,Green
7.83,7.5,7.42,7.42,7.67,7.5,10.0,10.0,0.0,79.5,Green
7.08,7.33,7.25,7.58,7.33,7.42,9.33,9.33,0.1,79.42,Green
7.42,7.25,6.75,7.25,7.42,7.25,9.33,10.0,0.0,79.33,Green
7.42,7.08,6.75,7.33,7.33,6.92,10.0,10.0,0.13,79.08,Green
7.33,7.0,6.75,7.08,7.17,7.25,9.33,10.0,0.12,78.92,Green
7.5,6.92,6.92,7.25,7.58,7.42,9.33,9.33,0.12,78.75,Green
7.33,7.08,6.33,7.25,7.0,7.0,10.0,10.0,0.12,78.75,Green
7.0,6.92,6.83,7.17,7.17,7.17,10.0,9.33,0.0,78.67,Green
7.33,7.17,6.92,7.08,7.33,7.0,9.33,9.33,0.1,78.0,Green
7.0,6.83,6.83,7.17,6.67,6.83,10.0,10.0,0.11,78.0,Green
7.0,6.83,6.67,7.17,6.83,6.83,10.0,10.0,0.11,77.83,Green
7.58,7.67,7.58,7.67,7.42,7.42,9.33,6.0,0.12,77.58,Green
7.08,6.92,6.33,7.0,6.92,7.0,10.0,10.0,0.11,77.42,Green
6.83,6.83,6.83,6.75,6.92,6.92,9.33,10.0,0.1,77.25,Unknown
7.08,6.92,6.83,6.67,7.58,7.42,8.67,10.0,0.12,77.25,Green
7.5,7.33,7.33,7.58,7.67,7.25,8.0,8.0,0.0,76.17,Bluish-Green
7.08,7.0,6.83,7.5,7.33,6.83,8.0,10.0,0.12,74.67,Green
6.5,6.33,6.5,7.5,7.33,6.83,8.67,8.67,0.11,74.33,Green
8.0,7.33,7.75,7.33,7.42,7.67,6.67,6.67,0.0,72.83,Bluish-Green
7.83,8.08,7.75,7.92,8.25,7.92,10.0,8.0,0.12,83.75,Green
8.0,7.92,7.92,7.75,7.83,7.75,10.0,7.75,0.12,83.0,Green
8.33,7.83,7.83,7.75,8.25,7.75,10.0,7.58,0.12,83.0,Green
8.0,7.75,7.75,7.58,7.67,7.5,10.0,7.58,0.11,81.5,Green
7.5,7.5,7.25,7.83,7.67,7.83,10.0,7.83,0.13,81.25,Blue-Green
7.33,7.58,7.5,7.75,7.75,7.67,10.0,7.75,0.12,80.92,Green
7.83,7.58,7.33,7.67,7.5,7.5,10.0,7.75,0.12,80.58,Green
7.75,7.42,7.33,7.58,7.67,7.58,10.0,7.67,0.12,80.5,Green
7.58,7.42,7.42,7.83,7.42,7.5,10.0,7.42,0.0,80.17,Green
7.42,6.83,6.75,7.17,7.25,7.0,9.33,7.08,0.1,75.08,Green
6.75,6.67,6.5,6.83,6.92,6.83,9.33,6.67,0.12,73.75,None
8.67,8.83,8.67,8.75,8.5,8.42,10.0,10.0,0.12,90.58,Green
8.75,8.67,8.5,8.58,8.42,8.42,10.0,10.0,0.12,89.92,Green
8.17,8.58,8.42,8.42,8.5,8.25,10.0,10.0,0.11,89.0,Green
8.25,8.5,8.25,8.5,8.42,8.33,10.0,10.0,0.12,88.83,Green
8.08,8.58,8.5,8.5,7.67,8.42,10.0,10.0,0.1,88.25,Green
8.17,8.67,8.25,8.5,7.75,8.17,10.0,10.0,0.1,88.08,Unknown
8.25,8.42,8.17,8.33,8.08,8.17,10.0,10.0,0.0,87.92,Unknown
8.08,8.67,8.33,8.42,8.0,8.08,10.0,10.0,0.0,87.92,Unknown
8.0,8.5,8.58,8.17,8.17,8.0,10.0,10.0,0.0,87.58,Unknown
8.17,8.17,8.0,8.17,8.08,8.33,10.0,10.0,0.0,87.25,Unknown
8.0,8.25,8.08,8.5,8.25,8.0,10.0,10.0,0.0,87.25,None
8.08,8.25,8.0,8.17,8.0,8.33,10.0,10.0,0.11,87.17,Green
8.25,8.33,8.17,8.17,7.83,8.17,10.0,10.0,0.0,87.08,Unknown
8.0,8.08,7.92,8.0,8.08,8.08,10.0,10.0,0.1,86.25,Green
7.67,8.17,8.0,8.0,8.17,8.08,10.0,10.0,0.0,86.17,Unknown
8.08,8.08,8.0,8.0,7.83,8.08,10.0,10.0,0.11,86.08,Bluish-Green
8.08,8.08,7.83,7.92,8.08,7.92,10.0,10.0,0.0,86.0,Unknown
7.83,8.08,7.92,8.08,8.0,7.92,10.0,10.0,0.1,85.83,Green
8.0,7.75,7.83,7.83,7.67,8.58,10.0,10.0,0.09,85.5,Unknown
7.92,7.92,7.83,8.08,7.83,7.92,10.0,10.0,0.1,85.5,Green
7.83,7.75,7.83,7.67,7.83,8.58,10.0,10.0,0.11,85.33,Green
7.92,8.08,8.0,7.92,8.0,8.08,10.0,9.33,0.0,85.33,Bluish-Green
8.0,7.58,7.58,7.67,8.08,8.5,10.0,10.0,0.1,85.33,Bluish-Green
8.42,8.0,7.42,8.0,7.92,7.92,9.33,10.0,0.1,85.08,Green
7.58,7.83,7.83,7.92,7.83,8.17,10.0,10.0,0.11,85.08,Bluish-Green
8.0,7.83,7.83,7.92,7.75,7.75,10.0,10.0,0.12,84.92,Green
7.92,7.83,7.58,7.92,7.75,7.83,10.0,10.0,0.13,84.75,Green
7.83,7.75,8.0,7.67,7.67,7.67,10.0,10.0,0.11,84.75,Green
8.08,7.83,7.75,7.83,7.58,7.67,10.0,10.0,0.1,84.67,Unknown
7.67,7.58,7.75,7.75,7.67,8.58,10.0,10.0,0.08,84.67,Green
8.0,7.58,7.83,7.75,7.75,7.75,10.0,10.0,0.11,84.67,Green
7.75,7.83,7.67,7.92,7.75,7.83,10.0,10.0,0.11,84.58,Green
8.0,7.92,7.67,7.58,7.58,7.67,10.0,10.0,0.09,84.58,Green
7.92,7.75,7.67,7.92,7.67,7.75,10.0,10.0,0.0,84.42,Green
7.83,7.67,7.75,7.83,7.67,7.67,10.0,10.0,0.12,84.25,Green
7.83,7.75,7.75,7.75,7.67,7.75,10.0,10.0,0.12,84.25,Green
7.83,7.83,7.5,7.92,7.58,7.75,10.0,10.0,0.1,84.25,Green
7.67,7.75,7.67,7.75,7.5,8.0,10.0,10.0,0.0,84.17,Blue-Green
7.5,7.92,7.58,7.83,7.75,7.83,10.0,10.0,0.1,84.17,Green
7.92,7.75,7.75,7.75,7.75,7.58,10.0,10.0,0.13,84.17,Green
7.92,7.75,7.67,7.75,7.67,7.67,10.0,10.0,0.0,84.08,Unknown
7.58,7.75,7.67,8.0,7.75,7.67,10.0,10.0,0.1,84.08,Bluish-Green
7.92,7.67,7.42,7.92,7.75,7.83,10.0,10.0,0.1,84.0,Green
7.75,7.83,7.5,7.83,7.58,7.67,10.0,10.0,0.1,84.0,Green
7.67,7.75,7.67,7.67,7.67,7.75,10.0,10.0,0.12,84.0,Green
7.67,7.67,7.5,7.5,7.67,7.67,10.0,10.0,0.12,84.0,Green
7.83,7.75,7.58,7.58,7.75,7.75,10.0,10.0,0.0,83.92,None
7.75,7.58,7.67,7.83,7.83,7.67,10.0,10.0,0.0,83.92,Green
7.75,7.75,7.67,7.67,7.58,7.67,10.0,10.0,0.12,83.83,Green
7.58,7.83,7.33,8.0,7.58,7.75,10.0,10.0,0.1,83.83,Green
7.67,7.67,7.67,7.92,7.5,7.67,10.0,10.0,0.0,83.75,Green
7.67,7.42,7.42,7.42,8.0,8.33,10.0,10.0,0.0,83.75,Green
7.5,7.75,7.58,7.83,7.67,7.58,10.0,10.0,0.12,83.67,Bluish-Green
8.0,7.5,7.33,8.0,8.0,8.0,9.33,10.0,0.1,83.67,Green
7.75,7.67,7.58,7.67,7.5,7.67,10.0,10.0,0.0,83.58,Unknown
7.67,7.75,7.5,7.58,7.75,7.67,10.0,10.0,0.1,83.5,Unknown
7.67,7.42,7.67,7.83,7.58,7.67,10.0,10.0,0.0,83.5,Unknown
8.0,7.58,7.25,7.58,7.92,7.58,10.0,10.0,0.11,83.5,Green
7.33,7.83,7.75,7.5,7.42,7.83,10.0,10.0,0.12,83.42,Green
7.75,7.67,7.58,7.67,7.58,7.58,10.0,10.0,0.13,83.42,Green
7.67,7.75,7.5,7.83,7.58,7.5,10.0,10.0,0.1,83.42,Green
7.75,7.58,7.67,7.58,7.58,7.58,10.0,10.0,0.12,83.33,Green
7.67,7.67,7.42,7.67,7.67,7.67,10.0,10.0,0.12,83.33,Green
7.83,7.58,7.83,7.67,7.92,8.0,9.33,9.33,0.11,83.33,Bluish-Green
7.5,7.67,7.58,7.67,7.67,7.5,10.0,10.0,0.1,83.25,Green
7.83,7.75,7.67,7.75,7.83,8.5,9.33,9.33,0.1,83.17,Bluish-Green
7.67,7.58,7.58,7.75,7.42,7.67,10.0,10.0,0.12,83.17,Bluish-Green
7.58,7.67,7.67,7.58,7.42,7.58,10.0,10.0,0.13,83.17,Bluish-Green
7.58,7.5,7.5,7.67,7.5,7.67,10.0,10.0,0.0,83.17,Unknown
8.0,7.67,7.5,7.42,7.33,7.58,10.0,10.0,0.1,83.17,Bluish-Green
7.58,7.75,7.5,7.58,7.58,7.58,10.0,10.0,0.11,83.17,Green
7.33,7.83,7.17,8.17,7.33,7.67,10.0,10.0,0.09,83.17,Green
7.58,7.5,7.58,7.75,7.58,7.58,10.0,10.0,0.12,83.17,Green
7.83,7.33,7.5,7.67,7.58,7.67,10.0,10.0,0.1,83.08,Green
7.75,7.67,7.58,7.58,7.42,7.67,9.33,10.0,0.0,83.0,Green
7.67,7.67,7.67,7.5,7.42,7.5,10.0,10.0,0.0,83.0,Green
7.67,7.67,7.42,7.83,7.5,7.5,10.0,10.0,0.1,83.0,Green
8.08,7.5,7.67,7.42,7.33,7.5,10.0,10.0,0.0,82.92,Bluish-Green
7.75,7.5,7.42,7.58,7.67,7.5,10.0,10.0,0.1,82.92,Green
7.67,7.83,7.42,7.5,7.33,7.5,10.0,10.0,0.1,82.92,Green
7.25,7.58,7.5,7.42,7.75,7.42,10.0,10.0,0.11,82.83,Green
7.83,7.67,7.5,7.58,7.5,7.67,10.0,10.0,0.0,82.83,Unknown
7.42,7.58,7.25,7.5,7.75,7.75,10.0,10.0,0.0,82.83,Unknown
7.67,7.67,7.75,7.67,7.42,7.17,10.0,10.0,0.1,82.83,Green
7.5,7.58,7.58,7.75,7.33,7.5,10.0,10.0,0.0,82.75,Blue-Green
7.75,7.58,7.42,7.5,7.33,7.5,10.0,10.0,0.12,82.75,Bluish-Green
7.75,7.42,7.25,7.75,7.5,7.67,10.0,10.0,0.13,82.75,Green
7.67,7.42,7.42,7.58,7.33,7.67,10.0,10.0,0.12,82.75,Green
7.33,7.5,7.58,7.58,7.67,7.5,10.0,10.0,0.12,82.67,Unknown
7.5,7.5,7.5,7.5,7.5,7.58,10.0,10.0,0.12,82.67,Green
7.58,7.5,7.5,7.58,7.33,7.58,10.0,10.0,0.12,82.67,Green
7.67,7.58,7.42,7.5,7.42,7.5,10.0,10.0,0.11,82.67,Green
7.75,7.33,7.42,7.67,7.42,7.5,10.0,10.0,0.12,82.58,Green
7.75,7.42,7.33,7.5,7.58,7.5,10.0,10.0,0.12,82.58,Unknown
7.58,7.58,7.42,7.75,7.67,7.67,9.33,10.0,0.0,82.58,Green
7.5,7.83,7.5,7.75,7.33,7.42,9.33,10.0,0.12,82.5,Green
7.67,7.42,7.33,7.58,7.5,7.5,10.0,10.0,0.12,82.5,Green
7.75,7.0,7.42,7.58,7.58,7.58,10.0,10.0,0.12,82.5,Bluish-Green
7.42,7.5,7.42,7.58,7.42,7.5,10.0,10.0,0.11,82.42,Green
7.33,7.58,7.42,7.58,7.33,7.5,10.0,10.0,0.12,82.33,Green
7.58,7.67,7.5,7.58,7.75,7.5,9.33,10.0,0.12,82.33,Green
7.33,7.58,7.42,7.5,7.5,7.5,10.0,10.0,0.11,82.33,Green
7.58,7.42,7.33,7.42,7.58,7.5,10.0,10.0,0.13,82.25,Blue-Green
7.42,7.42,7.17,7.75,7.25,7.67,10.0,10.0,0.12,82.17,Bluish-Green
7.42,7.42,7.5,7.5,7.42,7.5,10.0,10.0,0.09,82.17,Blue-Green
7.58,7.5,7.42,7.25,7.5,7.42,10.0,10.0,0.12,82.17,Green
7.75,7.42,7.42,7.58,7.33,7.42,10.0,10.0,0.12,82.17,Green
7.42,7.33,7.42,7.42,7.5,7.58,10.0,10.0,0.12,82.08,Green
7.42,7.5,7.5,7.33,7.33,7.5,10.0,10.0,0.12,82.08,Green
7.42,7.42,7.33,7.58,7.33,7.42,10.0,10.0,0.12,82.0,Green
7.5,7.42,7.33,7.58,7.33,7.5,10.0,10.0,0.13,82.0,Bluish-Green
7.33,7.33,7.33,7.5,7.5,7.83,10.0,10.0,0.11,82.0,Green
7.33,7.33,7.33,7.42,7.5,7.58,10.0,10.0,0.12,81.92,Green
7.67,7.08,7.42,7.33,7.75,7.42,10.0,10.0,0.0,81.92,Unknown
7.42,7.42,7.42,7.33,7.42,7.42,10.0,10.0,0.11,81.83,None
7.58,7.42,7.33,7.33,7.33,7.42,10.0,10.0,0.13,81.83,Green
7.5,7.5,7.33,7.33,7.33,7.33,10.0,10.0,0.1,81.83,Green
7.42,7.42,7.25,7.5,7.33,7.42,10.0,10.0,0.11,81.83,Green
7.0,7.08,7.33,7.5,7.5,7.33,10.0,10.0,0.12,81.75,Bluish-Green
7.42,7.42,7.42,7.42,7.33,7.33,10.0,10.0,0.12,81.75,Bluish-Green
7.42,7.33,7.25,7.42,7.5,7.42,10.0,10.0,0.12,81.67,Green
7.5,7.33,7.5,7.5,7.17,7.17,10.0,10.0,0.1,81.67,Green
7.42,7.42,7.67,8.0,7.58,7.5,9.33,10.0,0.0,81.67,Green
7.42,7.42,7.33,7.42,7.42,7.33,10.0,10.0,0.12,81.58,Green
7.42,7.42,7.17,7.58,7.33,7.33,10.0,10.0,0.13,81.58,Green
7.83,7.33,7.08,7.08,7.33,7.5,10.0,10.0,0.12,81.5,Green
7.67,7.42,6.92,7.5,7.5,7.17,10.0,10.0,0.12,81.5,Green
7.5,7.42,7.17,7.58,7.25,7.42,10.0,10.0,0.12,81.5,Green
7.58,7.17,7.33,7.42,7.08,7.42,10.0,10.0,0.12,81.42,Bluish-Green
7.42,7.5,7.17,7.42,7.42,7.42,10.0,10.0,0.1,81.42,Green
7.67,7.33,7.25,7.17,7.25,7.42,10.0,10.0,0.0,81.42,Green
7.08,7.33,7.42,7.33,7.33,7.5,10.0,10.0,0.14,81.33,Green
7.75,7.33,7.08,7.33,7.33,7.25,10.0,10.0,0.13,81.33,Green
7.33,7.33,7.17,7.33,7.5,7.33,10.0,10.0,0.12,81.33,Green
7.33,7.42,7.17,7.25,7.42,7.33,10.0,10.0,0.09,81.25,Bluish-Green
7.33,7.17,7.17,7.5,7.25,7.42,10.0,10.0,0.13,81.25,Green
7.25,7.25,7.25,7.08,7.58,7.5,10.0,10.0,0.0,81.17,None
7.58,7.17,7.17,7.33,7.33,7.25,10.0,10.0,0.12,81.17,Bluish-Green
7.58,7.25,7.33,7.08,7.33,7.33,10.0,10.0,0.12,81.17,Green
7.33,7.08,7.33,7.25,7.33,7.58,10.0,10.0,0.11,81.17,Green
7.42,7.17,7.33,7.42,7.25,7.33,10.0,10.0,0.0,81.08,Unknown
7.42,7.33,7.33,7.25,7.25,7.33,10.0,10.0,0.13,81.08,Green
7.42,7.25,7.17,7.25,7.25,7.58,10.0,10.0,0.13,81.08,Green
7.42,7.25,7.25,7.33,7.25,7.17,10.0,10.0,0.12,81.0,Green
7.67,7.75,7.83,7.75,7.83,7.75,10.0,10.0,0.12,81.0,Green
7.33,7.33,7.08,7.42,7.17,7.33,10.0,10.0,0.12,81.0,Green
7.42,7.08,7.17,7.17,7.58,7.25,10.0,10.0,0.1,80.92,Bluish-Green
7.33,7.17,7.17,7.25,7.42,7.33,10.0,10.0,0.12,80.92,Green
7.58,7.42,6.92,7.5,7.25,7.17,10.0,10.0,0.12,80.92,Green
7.25,7.33,7.17,7.33,7.33,7.17,10.0,10.0,0.11,80.75,Green
7.33,7.33,7.25,7.25,7.17,7.17,10.0,10.0,0.11,80.75,Green
7.5,7.25,7.17,7.17,7.25,7.17,10.0,10.0,0.12,80.67,Bluish-Green
7.25,7.17,7.17,7.25,7.17,7.42,10.0,10.0,0.12,80.67,Green
7.25,7.08,7.08,7.33,7.33,7.25,10.0,10.0,0.12,80.58,Bluish-Green
7.5,7.17,7.0,7.42,7.33,7.0,10.0,10.0,0.11,80.58,Green
7.17,7.42,6.83,7.5,7.17,7.25,10.0,10.0,0.11,80.58,Green
7.5,7.17,6.83,7.5,7.17,7.17,10.0,10.0,0.11,80.5,Green
7.25,7.17,7.25,7.25,7.25,7.08,10.0,10.0,0.12,80.33,Bluish-Green
7.42,7.0,7.08,7.0,7.17,7.33,10.0,10.0,0.0,80.25,Green
7.5,7.08,7.67,7.67,7.42,7.58,9.33,9.33,0.12,80.25,Green
7.58,7.75,7.42,7.5,7.5,7.5,8.67,10.0,0.0,80.0,Green
7.5,7.0,7.0,6.92,7.33,7.17,10.0,10.0,0.11,79.92,Green
7.25,7.33,6.83,7.0,7.0,7.17,10.0,10.0,0.1,79.42,Green
7.33,7.17,6.58,7.42,7.08,6.83,10.0,10.0,0.12,79.0,Green
7.0,7.0,7.0,7.0,7.0,7.0,10.0,10.0,0.11,79.0,Green
6.83,7.08,6.92,6.75,7.25,7.08,10.0,10.0,0.11,78.58,Green
7.33,7.17,6.92,7.58,7.25,7.17,8.67,10.0,0.12,78.58,Green
7.5,7.75,7.58,7.83,7.92,7.92,7.33,8.67,0.1,78.33,Bluish-Green
7.17,6.5,6.67,7.0,7.17,7.17,10.0,10.0,0.1,78.33,Green
7.5,7.5,7.33,7.58,7.5,7.42,8.67,8.67,0.11,78.25,Green
6.83,7.0,6.67,7.0,7.0,6.83,10.0,10.0,0.11,78.0,Green
7.58,7.33,7.5,7.42,7.5,7.33,8.0,9.33,0.12,78.0,Green
7.42,7.25,6.83,7.33,7.0,6.92,9.33,9.33,0.1,78.0,Green
7.5,7.25,7.42,7.0,7.08,6.83,8.67,10.0,0.12,77.92,Green
7.0,6.75,6.67,6.83,7.08,6.83,10.0,10.0,0.11,77.83,Unknown
7.33,7.0,6.83,7.17,7.17,7.17,9.33,9.33,0.1,77.33,Green
7.42,7.75,7.42,7.67,7.92,7.83,8.67,9.33,0.0,77.0,Green
7.25,7.08,6.83,7.17,7.33,6.83,8.67,9.33,0.0,76.25,Green
6.83,6.83,6.67,6.83,7.0,6.83,9.33,10.0,0.11,76.0,Green
7.5,7.25,7.0,7.25,7.42,7.33,8.0,6.67,0.0,74.42,Blue-Green
7.0,7.17,6.83,7.17,7.0,7.17,8.0,8.0,0.11,73.42,Green
7.08,7.08,6.92,7.08,6.92,6.92,8.0,8.0,0.0,72.92,Unknown
6.92,6.92,6.92,7.5,7.58,7.17,6.67,9.33,0.11,72.58,Green
6.33,6.5,6.33,6.83,6.33,6.5,10.0,10.0,0.11,71.75,Green
6.92,7.0,6.83,6.92,7.42,6.92,6.0,10.0,0.12,70.75,Green
6.67,6.5,6.17,6.67,6.83,6.17,8.0,8.0,0.1,69.33,Green
7.0,6.17,6.17,6.67,6.5,6.17,8.0,8.0,0.1,69.17,Green
7.0,6.33,6.17,6.5,6.67,6.17,8.0,8.0,0.1,69.17,Green
7.67,7.75,7.83,7.83,7.92,7.75,10.0,8.0,0.0,82.58,Green
7.67,7.83,7.83,7.83,7.92,7.75,10.0,7.75,0.12,82.42,Green
7.58,7.92,7.75,7.83,7.5,7.67,10.0,7.67,0.12,81.75,Green
7.58,7.58,7.67,7.58,7.67,7.67,10.0,7.5,0.0,81.58,Green
8.0,7.67,7.75,7.5,7.67,7.58,10.0,7.58,0.12,81.5,Green
7.67,7.67,7.5,7.33,7.58,7.5,10.0,7.42,0.0,80.17,Bluish-Green
7.33,7.33,7.17,7.42,7.5,7.17,9.33,7.42,0.0,77.17,Unknown
8.42,8.25,8.08,8.17,7.92,8.0,10.0,10.0,0.1,87.25,Green
7.83,8.0,7.83,7.92,7.83,8.08,10.0,10.0,0.12,85.5,Green
7.75,7.83,7.83,8.17,7.92,7.83,10.0,10.0,0.1,85.42,Green
8.0,8.0,8.0,7.83,7.83,7.75,10.0,10.0,0.1,85.33,Green
8.17,7.92,7.83,8.0,7.58,7.83,10.0,10.0,0.11,85.25,Green
8.17,7.83,7.58,8.08,8.0,7.75,10.0,10.0,0.0,85.08,Unknown
8.17,7.83,7.92,7.75,7.67,7.83,10.0,10.0,0.11,85.0,Green
7.92,7.83,7.75,7.83,7.75,8.0,10.0,10.0,0.12,84.92,Green
8.08,7.75,7.67,7.83,7.5,7.92,10.0,10.0,0.1,84.67,Blue-Green
7.75,7.83,7.58,8.0,7.92,7.75,10.0,10.0,0.1,84.67,Green
7.75,7.92,7.67,7.83,7.75,7.67,10.0,10.0,0.1,84.5,Green
7.75,7.67,8.0,7.67,8.08,7.83,10.0,10.0,0.11,84.33,Green
7.75,7.92,7.5,8.08,7.58,7.67,10.0,10.0,0.1,84.25,Green
7.83,7.83,7.58,7.75,7.75,7.75,10.0,10.0,0.1,84.25,Green
7.67,7.67,7.75,7.75,7.67,7.92,10.0,10.0,0.11,84.25,Green
7.83,7.67,7.75,7.58,7.92,7.75,10.0,10.0,0.12,84.25,Green
7.42,7.67,7.83,7.75,7.92,7.83,10.0,10.0,0.12,84.25,Green
8.0,7.5,7.5,7.67,8.0,7.83,10.0,10.0,0.0,84.17,Bluish-Green
7.67,7.83,7.83,7.5,7.67,7.83,10.0,10.0,0.12,84.17,Bluish-Green
7.67,7.83,7.58,7.92,7.75,7.67,10.0,10.0,0.12,84.0,Green
7.67,7.75,7.5,7.67,7.67,7.83,10.0,10.0,0.1,83.92,Bluish-Green
7.92,7.67,7.5,7.83,7.58,7.67,10.0,10.0,0.0,83.92,Unknown
7.67,7.67,7.75,7.67,7.5,7.75,10.0,10.0,0.0,83.83,Blue-Green
7.83,7.75,7.67,7.5,7.58,7.67,10.0,10.0,0.1,83.75,Green
7.67,7.58,7.58,7.58,7.67,7.75,10.0,10.0,0.1,83.58,Green
7.67,7.75,7.58,7.67,7.75,7.58,10.0,10.0,0.12,83.58,Green
7.92,7.42,7.5,7.67,7.5,7.67,10.0,10.0,0.0,83.5,Blue-Green
7.58,7.58,7.58,7.58,7.75,7.67,10.0,10.0,0.12,83.5,Green
7.75,7.67,7.58,7.67,7.67,7.58,10.0,10.0,0.13,83.5,Green
7.25,7.67,7.58,7.92,7.83,7.58,10.0,10.0,0.13,83.5,Bluish-Green
7.58,7.75,7.33,7.75,7.67,7.58,10.0,10.0,0.11,83.42,Green
7.58,7.67,7.58,7.67,7.58,7.67,10.0,10.0,0.12,83.42,Green
7.67,7.75,7.42,7.83,7.83,7.42,10.0,10.0,0.11,83.33,Green
7.83,7.5,7.42,7.67,7.5,7.67,10.0,10.0,0.11,83.25,Unknown
7.5,7.67,7.67,7.42,7.67,7.67,10.0,10.0,0.12,83.25,Green
7.5,7.67,7.33,7.67,7.67,7.67,10.0,10.0,0.11,83.17,Green
7.67,7.67,7.5,7.67,7.42,7.58,10.0,10.0,0.1,83.17,Green
7.5,7.75,7.5,7.83,7.58,7.5,10.0,10.0,0.11,83.17,Green
7.92,7.67,7.42,7.75,7.5,7.5,10.0,10.0,0.12,83.17,Green
7.58,7.58,7.58,7.5,7.67,7.58,10.0,10.0,0.11,83.08,Bluish-Green
7.67,7.58,7.42,7.42,7.83,7.5,10.0,10.0,0.12,83.0,Green
7.67,7.67,7.5,7.58,7.42,7.5,10.0,10.0,0.12,83.0,Green
7.67,7.75,7.33,7.92,7.42,7.5,10.0,10.0,0.11,83.0,Green
7.75,7.67,7.33,7.75,7.5,7.42,10.0,10.0,0.11,83.0,Green
7.83,7.67,7.25,7.67,7.75,7.5,10.0,10.0,0.11,83.0,Green
7.58,7.58,7.67,7.58,7.5,7.5,10.0,10.0,0.11,82.92,Blue-Green
7.75,7.67,7.42,7.42,7.75,7.5,10.0,10.0,0.12,82.92,Bluish-Green
7.67,7.58,7.58,7.5,7.5,7.42,10.0,10.0,0.11,82.83,Bluish-Green
7.83,7.92,7.75,7.83,7.75,7.75,9.33,9.33,0.11,82.83,Bluish-Green
7.58,7.58,7.33,7.67,7.67,7.5,10.0,10.0,0.11,82.83,Green
7.5,7.5,7.58,7.5,7.58,7.58,10.0,10.0,0.11,82.75,Bluish-Green
7.67,7.5,7.33,7.33,7.67,7.67,10.0,10.0,0.1,82.75,Green
7.5,7.67,7.42,7.67,7.5,7.5,10.0,10.0,0.11,82.75,Green
7.75,7.5,7.33,7.58,7.33,7.75,10.0,10.0,0.0,82.67,Green
7.83,7.58,7.42,7.33,7.42,7.5,10.0,10.0,0.13,82.58,Blue-Green
7.67,7.42,7.42,7.5,7.42,7.42,10.0,10.0,0.1,82.42,Green
7.75,7.5,7.25,7.25,7.42,7.67,10.0,10.0,0.1,82.33,Bluish-Green
7.75,7.33,7.5,7.5,7.33,7.58,10.0,10.0,0.0,82.33,Green
7.5,7.58,7.42,7.5,7.42,7.42,10.0,10.0,0.12,82.33,Green
7.5,7.42,7.17,7.83,7.5,7.5,10.0,10.0,0.1,82.33,Green
7.58,7.5,7.42,7.58,7.42,7.42,10.0,10.0,0.11,82.25,Green
7.5,7.5,7.17,7.42,7.5,7.5,10.0,10.0,0.11,82.17,Bluish-Green
7.58,7.42,7.42,7.33,7.5,7.42,10.0,10.0,0.13,82.17,Green
7.67,7.5,7.25,7.42,7.58,7.42,10.0,10.0,0.11,82.17,Green
7.75,7.42,7.42,7.25,7.17,7.42,10.0,10.0,0.0,82.08,Blue-Green
7.67,7.33,7.33,7.42,7.42,7.42,10.0,10.0,0.13,82.0,Green
7.42,7.5,7.25,7.33,7.5,7.5,10.0,10.0,0.12,82.0,Blue-Green
7.75,7.83,7.58,7.75,7.92,7.83,10.0,10.0,0.11,81.83,Green
7.58,7.5,7.33,7.42,7.58,7.25,10.0,10.0,0.1,81.83,Green
7.33,7.58,7.5,7.42,7.33,7.33,10.0,10.0,0.0,81.83,Green
7.58,7.5,7.33,7.5,7.17,7.33,10.0,10.0,0.11,81.83,Green
7.5,7.5,7.33,7.5,7.42,7.25,10.0,10.0,0.12,81.83,Green
7.67,7.5,7.5,7.25,7.08,7.42,10.0,10.0,0.09,81.83,Green
7.58,7.42,7.5,7.17,7.08,7.58,10.0,10.0,0.12,81.58,Green
7.25,7.42,7.25,7.5,7.33,7.33,10.0,10.0,0.0,81.5,Green
7.5,7.33,7.17,7.25,7.5,7.42,10.0,10.0,0.12,81.42,Green
7.58,7.42,7.17,7.42,7.17,7.17,10.0,10.0,0.09,81.33,Green
7.08,7.5,7.33,7.17,7.42,7.25,10.0,10.0,0.1,81.25,Green
7.42,7.17,7.17,7.5,7.33,7.25,10.0,10.0,0.12,81.25,Green
7.5,7.5,7.33,7.17,7.08,7.17,10.0,10.0,0.11,81.17,Bluish-Green
7.42,7.33,7.0,7.42,7.33,7.33,10.0,10.0,0.13,81.17,Green
7.33,7.33,7.33,7.42,7.33,7.33,10.0,10.0,0.11,81.08,Unknown
7.5,7.25,7.0,7.25,7.5,7.25,10.0,10.0,0.11,81.0,Green
7.17,7.42,7.0,7.58,7.33,7.0,10.0,10.0,0.0,80.92,Unknown
6.92,7.5,7.0,7.58,7.5,7.08,10.0,10.0,0.0,80.75,Green
7.5,7.33,7.0,7.42,7.17,7.17,10.0,10.0,0.12,80.75,Green
7.25,7.25,7.17,7.25,7.33,7.25,10.0,10.0,0.12,80.75,Green
7.5,7.33,7.0,7.42,7.25,7.17,10.0,10.0,0.11,80.75,Green
7.42,7.17,7.08,7.42,7.25,7.25,10.0,10.0,0.09,80.75,Green
7.25,7.33,7.08,7.5,7.25,7.33,10.0,10.0,0.13,80.75,Green
7.58,7.42,7.0,7.67,7.5,7.5,9.33,10.0,0.13,80.67,Blue-Green
7.83,7.5,7.67,7.67,7.83,7.5,6.67,10.0,0.11,80.67,Blue-Green
7.17,7.33,7.17,7.42,7.25,7.08,10.0,10.0,0.0,80.5,Green
8.0,7.08,7.0,7.33,7.08,6.92,10.0,10.0,0.11,80.25,Green
7.17,7.08,7.08,7.33,7.25,7.08,10.0,10.0,0.11,80.17,Unknown
7.25,7.25,7.0,7.17,7.08,7.08,10.0,10.0,0.11,80.17,Green
7.17,7.33,7.0,7.42,7.17,7.0,10.0,10.0,0.0,80.0,Green
7.83,7.67,7.58,7.75,7.83,7.17,6.67,10.0,0.0,79.92,Green
6.92,6.92,7.0,7.42,7.25,7.0,10.0,10.0,0.12,79.5,Green
7.25,7.17,6.75,7.25,7.0,6.92,10.0,10.0,0.11,79.17,Green
7.92,7.83,7.92,8.0,7.83,7.92,10.0,7.83,0.0,83.25,Green
7.67,7.75,7.58,7.83,7.83,8.0,10.0,7.92,0.09,82.5,Green
7.67,7.83,7.75,7.5,7.75,7.58,10.0,7.75,0.11,81.58,Green
7.75,7.75,7.67,7.67,7.58,7.58,10.0,7.58,0.0,81.42,Green
8.17,8.08,8.08,8.0,8.08,8.0,10.0,10.0,0.1,86.67,Green
7.92,8.08,7.92,8.08,8.08,7.83,10.0,10.0,0.1,85.92,Green
8.0,7.92,7.75,8.0,7.92,7.83,10.0,10.0,0.1,85.25,Green
7.75,8.0,7.58,8.0,8.0,7.92,10.0,10.0,0.11,85.08,Green
8.17,7.92,7.75,7.75,7.67,7.75,10.0,10.0,0.11,85.0,Green
8.0,7.92,7.75,7.92,7.75,7.83,10.0,10.0,0.0,85.0,Green
7.83,8.0,7.58,7.92,7.92,7.83,10.0,10.0,0.12,85.0,Green
7.92,7.92,7.67,7.83,7.92,7.83,10.0,10.0,0.0,84.92,Unknown
7.92,7.83,7.75,7.75,7.75,7.75,10.0,10.0,0.12,84.67,Green
7.83,7.67,7.58,7.92,7.67,7.83,10.0,10.0,0.0,84.58,Blue-Green
7.92,7.83,7.58,8.0,7.83,7.67,10.0,10.0,0.0,84.58,Green
7.92,7.75,7.67,7.75,7.83,7.75,10.0,10.0,0.11,84.5,Green
7.92,8.0,7.75,7.67,7.67,7.75,10.0,10.0,0.1,84.33,Green
7.58,7.92,7.58,7.75,7.92,7.75,10.0,10.0,0.11,84.33,Green
7.67,7.67,7.75,7.83,7.75,7.83,10.0,10.0,0.0,84.33,Unknown
7.75,7.75,7.58,7.92,7.75,7.75,10.0,10.0,0.11,84.25,Green
7.83,7.75,7.58,7.67,7.75,7.83,10.0,10.0,0.0,84.17,Green
7.92,7.75,7.67,7.67,7.5,7.67,10.0,10.0,0.09,84.17,Bluish-Green
7.75,7.75,7.58,8.0,7.67,7.83,10.0,10.0,0.11,84.17,Green
7.75,7.92,7.58,7.92,7.67,7.67,10.0,10.0,0.1,84.17,Green
7.58,7.83,7.58,7.83,7.83,7.67,10.0,10.0,0.1,84.17,Green
8.0,7.75,7.5,7.58,7.92,7.67,10.0,10.0,0.1,84.08,Green
7.58,7.67,7.67,7.75,7.58,7.83,10.0,10.0,0.11,83.92,Green
7.75,7.67,7.5,7.75,7.83,7.75,10.0,10.0,0.11,83.92,Green
7.75,7.58,7.5,7.83,7.75,7.92,10.0,10.0,0.0,83.92,Unknown
7.83,7.67,7.5,7.75,7.75,7.75,10.0,10.0,0.0,83.83,Green
7.75,7.75,7.5,7.75,7.83,7.58,10.0,10.0,0.11,83.83,Green
7.92,7.75,7.5,7.67,7.75,7.5,10.0,10.0,0.0,83.75,Green
7.5,7.5,7.67,7.67,8.0,8.0,10.0,10.0,0.1,83.67,Green
7.67,7.75,7.67,7.67,7.83,7.58,10.0,10.0,0.1,83.67,Green
7.58,7.75,7.58,7.75,7.58,7.58,10.0,10.0,0.11,83.67,Green
7.75,7.75,7.5,7.83,7.58,7.58,10.0,10.0,0.11,83.58,Green
7.75,7.75,7.58,7.58,7.67,7.58,10.0,10.0,0.11,83.58,Green
7.75,7.58,7.58,7.75,7.75,7.5,10.0,10.0,0.0,83.5,Bluish-Green
7.75,7.58,7.58,7.5,7.75,7.75,10.0,10.0,0.0,83.5,Green
7.67,7.75,7.5,7.83,7.58,7.58,10.0,10.0,0.1,83.5,Bluish-Green
7.67,7.67,7.5,7.67,7.67,7.58,10.0,10.0,0.11,83.42,Green
7.58,7.5,7.42,7.92,7.5,7.67,10.0,10.0,0.09,83.42,Blue-Green
7.75,7.5,7.75,7.58,7.58,7.58,10.0,10.0,0.0,83.33,Unknown
7.67,7.58,7.58,7.42,7.67,7.75,10.0,10.0,0.0,83.33,Blue-Green
7.83,7.58,7.58,7.58,7.5,7.58,10.0,10.0,0.0,83.33,Green
7.5,7.5,7.83,7.5,7.67,7.67,10.0,10.0,0.11,83.25,Green
7.5,7.58,7.42,7.83,7.67,7.58,10.0,10.0,0.11,83.25,Green
7.58,7.67,7.42,7.5,7.67,7.42,10.0,10.0,0.12,83.25,Green
7.67,7.58,7.42,7.67,7.67,7.58,10.0,10.0,0.12,83.17,Green
7.67,7.75,7.42,7.75,7.58,7.5,10.0,10.0,0.11,83.17,Green
7.67,7.67,7.5,7.67,7.5,7.67,10.0,10.0,0.11,83.17,Blue-Green
7.58,7.67,7.33,7.67,7.75,7.58,10.0,10.0,0.0,83.08,Green
7.75,7.5,7.5,7.42,8.0,7.75,10.0,10.0,0.0,83.08,Green
7.5,7.58,7.58,7.67,7.58,7.5,10.0,10.0,0.11,83.0,Green
7.5,7.67,7.58,7.67,7.58,7.42,10.0,10.0,0.11,83.0,Bluish-Green
7.67,7.67,7.33,7.67,7.5,7.58,10.0,10.0,0.11,83.0,Green
7.58,7.5,7.42,7.67,7.42,7.5,10.0,10.0,0.09,82.75,Bluish-Green
7.5,7.58,7.5,7.67,7.5,7.42,10.0,10.0,0.11,82.67,Bluish-Green
7.5,7.58,7.42,7.5,7.75,7.33,10.0,10.0,0.11,82.58,Green
7.42,7.42,7.5,7.33,7.25,7.67,10.0,10.0,0.0,82.58,Green
7.5,7.5,7.33,7.5,7.67,7.5,10.0,10.0,0.1,82.5,Green
7.67,7.58,7.25,7.67,7.42,7.33,10.0,10.0,0.12,82.42,Green
5.08,7.75,7.83,7.75,7.83,8.08,10.0,10.0,0.11,82.42,Green
7.42,7.5,7.33,7.5,7.25,7.42,10.0,10.0,0.11,82.42,Green
7.33,7.5,7.5,7.33,7.5,7.5,10.0,10.0,0.11,82.33,Green
7.5,7.5,7.42,7.5,7.42,7.5,10.0,10.0,0.11,82.33,Bluish-Green
7.67,7.5,7.25,7.67,7.42,7.42,10.0,10.0,0.11,82.25,Green
7.42,7.42,7.5,7.42,7.42,7.5,10.0,10.0,0.11,82.17,Green
7.42,7.58,7.42,7.5,7.42,7.25,10.0,10.0,0.11,82.08,Green
7.5,7.33,7.42,7.5,7.33,7.42,10.0,10.0,0.11,82.0,Green
7.25,7.33,7.5,7.33,7.67,7.42,10.0,10.0,0.0,81.83,Green
7.42,7.5,7.42,7.5,7.42,7.25,10.0,10.0,0.11,81.83,Green
7.58,7.5,7.33,7.33,7.42,7.25,10.0,10.0,0.11,81.67,Blue-Green
7.17,7.33,7.33,7.42,7.5,7.33,10.0,10.0,0.0,81.67,Green
7.75,7.75,7.75,7.67,5.25,7.83,10.0,10.0,0.0,81.67,Unknown
7.42,7.33,7.08,7.58,7.33,7.25,10.0,10.0,0.1,81.42,Green
7.5,7.33,7.33,7.17,7.33,7.42,10.0,10.0,0.0,81.33,Unknown
7.67,7.42,7.0,7.42,7.58,7.08,10.0,10.0,0.12,81.33,Green
7.33,7.5,7.17,7.17,7.58,7.17,10.0,10.0,0.09,81.17,Green
7.42,7.33,7.17,7.33,7.42,7.17,10.0,10.0,0.11,81.08,Unknown
7.58,7.42,7.5,7.25,7.75,7.58,9.33,9.33,0.11,81.08,Green
7.42,7.25,7.17,7.5,7.25,7.17,10.0,10.0,0.09,81.0,Green
7.67,7.5,7.42,5.25,7.67,7.75,10.0,10.0,0.0,81.0,Green
7.33,7.25,7.33,7.08,7.58,7.25,9.33,10.0,0.11,80.58,Green
7.08,7.5,7.0,7.25,7.42,7.0,10.0,10.0,0.11,80.58,Green
7.25,7.42,7.0,7.42,7.33,7.0,10.0,10.0,0.1,80.42,Green
7.08,7.25,7.17,7.33,7.08,7.08,10.0,10.0,0.12,80.33,Green
7.25,7.25,7.0,7.0,7.42,7.0,10.0,10.0,0.1,80.25,Green
7.25,7.17,7.0,7.33,7.33,7.0,10.0,10.0,0.1,80.25,Green
7.5,7.42,7.25,7.58,7.33,7.42,9.33,9.33,0.1,79.75,Green
7.42,7.42,7.25,7.58,7.42,7.33,9.33,9.33,0.1,79.67,Green
7.42,7.25,6.83,7.0,7.33,7.08,9.33,10.0,0.13,79.33,Bluish-Green
7.08,7.0,6.92,7.42,7.0,6.92,10.0,10.0,0.11,79.17,Green
7.17,7.0,6.92,7.0,7.0,7.0,10.0,10.0,0.1,78.83,Green
7.08,7.0,6.75,6.83,7.08,6.92,10.0,10.0,0.1,78.58,Green
6.92,6.83,6.92,6.92,6.92,6.83,10.0,10.0,0.13,78.17,Unknown
7.67,7.33,7.17,6.67,7.17,7.42,9.33,6.67,0.0,76.83,Green
7.25,6.58,6.58,7.0,7.0,6.42,8.0,10.0,0.11,73.5,Green
7.25,6.58,6.33,6.25,6.42,6.08,6.0,6.0,0.13,63.08,Green
7.75,7.58,7.33,7.58,5.08,7.83,10.0,7.75,0.0,78.75,Blue-Green
7.5,7.67,7.75,7.75,5.17,5.25,10.0,8.42,0.0,78.08,Blue-Green
8.0,8.0,7.92,8.08,7.83,8.0,10.0,10.0,0.08,85.83,Bluish-Green
7.83,8.0,7.83,8.17,7.92,8.0,10.0,10.0,0.09,85.75,None
7.67,7.67,7.83,7.58,7.83,7.83,10.0,10.0,0.0,84.42,Blue-Green
7.75,7.83,7.58,7.83,7.67,7.75,10.0,10.0,0.13,84.17,Green
7.81,7.88,7.56,7.75,7.63,7.75,10.0,10.0,0.12,84.13,Bluish-Green
7.58,7.75,7.67,7.75,7.83,7.75,10.0,10.0,0.08,84.0,None
7.83,7.75,7.67,7.75,7.33,7.75,10.0,10.0,0.11,84.0,Green
7.42,7.83,7.75,7.92,7.75,7.58,10.0,10.0,0.1,84.0,Green
7.83,7.83,7.58,7.92,7.42,7.5,10.0,10.0,0.11,83.92,Green
7.83,7.83,7.58,7.58,7.58,7.58,10.0,10.0,0.11,83.75,Green
8.08,7.67,7.67,7.58,7.25,7.67,10.0,10.0,0.11,83.67,Bluish-Green
7.67,7.75,7.5,7.58,7.58,7.67,10.0,10.0,0.1,83.42,Green
7.67,7.83,7.42,7.83,7.33,7.5,10.0,10.0,0.11,83.25,Blue-Green
7.58,7.58,7.33,7.67,7.75,7.58,10.0,10.0,0.1,83.17,Green
7.92,7.5,7.5,7.58,7.67,7.5,10.0,10.0,0.11,83.17,Green
7.58,7.42,7.08,7.33,7.58,8.58,10.0,10.0,0.07,83.17,None
7.58,7.67,7.5,7.33,7.67,7.58,10.0,10.0,0.11,82.92,Green
7.75,7.58,7.42,7.58,7.5,7.5,10.0,10.0,0.1,82.83,Green
7.5,7.58,7.33,7.67,7.58,7.58,10.0,10.0,0.11,82.83,Green
7.58,7.67,7.5,7.58,7.5,7.42,10.0,10.0,0.11,82.75,Green
7.5,7.67,7.17,7.67,7.67,7.58,10.0,10.0,0.11,82.75,Green
7.5,7.5,7.42,7.58,7.67,7.5,10.0,10.0,0.1,82.75,Green
7.42,7.58,7.42,7.67,7.5,7.5,10.0,10.0,0.1,82.75,Green
7.5,7.58,7.42,7.58,7.58,7.5,10.0,10.0,0.12,82.75,Blue-Green
7.58,7.58,7.33,7.58,7.33,7.67,10.0,10.0,0.12,82.75,Green
7.58,7.5,7.42,7.58,7.5,7.5,10.0,10.0,0.09,82.75,Green
7.5,7.42,7.42,7.75,7.5,7.5,10.0,10.0,0.1,82.58,Green
7.83,7.75,7.25,7.5,7.42,7.33,10.0,10.0,0.11,82.5,Green
7.58,7.58,7.33,7.5,7.5,7.5,10.0,10.0,0.1,82.5,Green
7.42,7.67,7.17,7.58,7.58,7.5,10.0,10.0,0.12,82.42,Green
7.58,7.5,7.33,7.75,7.33,7.5,10.0,10.0,0.1,82.42,Green
7.58,7.5,7.25,7.67,7.5,7.5,10.0,10.0,0.12,82.42,Green
7.5,7.58,7.33,7.5,7.42,7.42,10.0,10.0,0.1,82.33,Green
7.5,7.5,7.42,7.42,7.5,7.42,10.0,10.0,0.15,82.08,Unknown
7.58,7.5,7.25,7.58,7.58,7.5,9.33,10.0,0.1,81.92,Green
7.5,7.5,7.25,7.42,7.42,7.42,10.0,10.0,0.11,81.92,Green
7.58,7.5,7.25,7.33,7.42,7.5,10.0,10.0,0.12,81.92,Green
7.42,7.5,7.25,7.5,7.33,7.42,10.0,10.0,0.1,81.83,Green
7.5,7.5,7.25,7.42,7.42,7.33,10.0,10.0,0.11,81.75,Green
7.42,7.42,7.08,7.42,7.33,7.42,10.0,10.0,0.1,81.67,Green
7.42,7.33,7.17,7.67,7.33,7.42,10.0,10.0,0.12,81.67,Green
7.42,7.42,7.08,7.5,7.42,7.33,10.0,10.0,0.12,81.58,Green
7.67,7.58,7.17,7.42,7.33,7.42,9.33,10.0,0.1,81.5,Green
7.5,7.42,7.33,7.33,7.25,7.33,10.0,10.0,0.11,81.5,Green
7.5,7.5,7.33,7.42,7.17,7.25,10.0,10.0,0.1,81.5,Green
7.5,7.42,7.25,7.25,7.5,7.25,10.0,10.0,0.12,81.5,Green
7.58,7.33,7.08,7.33,7.5,7.33,10.0,10.0,0.12,81.42,Green
7.67,7.67,7.33,7.58,7.67,7.5,9.33,9.33,0.1,80.92,Green
7.17,7.58,7.5,7.5,8.0,7.75,10.0,10.0,0.11,80.92,Green
7.5,7.33,7.17,7.42,7.5,7.33,9.33,10.0,0.11,80.92,Green
7.33,7.25,7.08,7.17,7.25,7.17,10.0,10.0,0.1,80.5,Green
7.58,7.33,7.0,7.17,7.33,7.08,10.0,10.0,0.11,80.5,Green
7.42,7.25,7.25,7.58,7.42,7.33,8.67,10.0,0.0,80.17,Unknown
7.33,7.08,6.92,7.08,7.42,7.17,10.0,10.0,0.1,80.0,Green
7.0,7.08,7.0,7.17,7.25,7.25,10.0,10.0,0.11,79.83,Unknown
7.33,7.25,6.92,7.33,7.25,7.33,9.33,10.0,0.1,79.83,Green
7.33,7.42,7.33,7.42,7.5,7.42,8.67,9.33,0.1,79.17,Green
7.58,7.0,6.75,6.92,7.0,6.92,10.0,10.0,0.11,79.17,Green
7.58,7.67,7.42,7.42,7.67,7.67,8.67,8.67,0.1,79.08,Green
0.0,0.0,0.0,0.0,0.0,0.0,0.0,0.0,0.12,0.0,Green
8.0,7.75,7.92,8.0,7.92,7.92,10.0,8.0,0.0,83.5,Unknown
7.67,7.75,7.83,7.67,7.92,7.83,10.0,7.92,0.1,82.5,Bluish-Green
7.5,7.42,7.08,7.42,7.5,7.33,10.0,10.0,0.11,81.58,Blue-Green
